,NAME,TEAM,POS,AGE,GP,MPG,MIN%,USG%,TO%,FTA,FT%,2PA,2P%,3PA,3P%,eFG%,TS%,PPG,RPG,TRB%,APG,AST,SPG,BPG,TOPG,VI,ORTG,DRTG
0,Precious Achiuwa,Tor,F,22.53,67,23.7,49.3,18.3,11.1,115,0.591,420,0.464,133,0.361,0.483,0.499,9.0,6.8,15.5,1.1,7.0,0.51,0.57,1.12,6.9,105.6,103.5
1,Steven Adams,Mem,C,28.7,73,26.4,54.9,12.1,19.1,193,0.554,375,0.549,1,0.0,0.548,0.563,7.1,10.0,19.7,3.3,15.6,0.88,0.79,1.49,9.3,125.2,103.8
2,Bam Adebayo,Mia,C-F,24.7,52,32.7,68.1,25.1,14.6,310,0.755,678,0.558,6,0.0,0.553,0.603,19.0,10.3,17.7,3.4,17.8,1.48,0.83,2.69,10.7,116.3,97.4
3,Santi Aldama,Mem,F-C,21.22,29,10.3,21.4,16.6,9.1,20,0.6,60,0.567,41,0.098,0.396,0.419,3.2,2.3,11.7,0.5,6.5,0.07,0.31,0.38,6.0,96.6,104.6
4,LaMarcus Aldridge,Bro,C-F,36.7,45,22.8,47.6,22.7,7.8,102,0.873,410,0.58,45,0.311,0.569,0.607,13.5,5.6,13.4,0.9,6.4,0.31,1.02,0.93,7.2,120.2,109.0
5,Nickeil Alexander-Walker,Nor,G,23.58,50,26.3,54.9,24.8,11.2,97,0.722,327,0.434,305,0.311,0.45,0.474,12.8,3.3,6.9,2.8,16.2,0.82,0.38,1.7,7.5,96.9,109.7
6,Nickeil Alexander-Walker,Uta,G,23.58,13,9.9,20.7,18.2,14.9,11,0.909,14,0.357,27,0.259,0.378,0.447,3.2,1.5,8.5,1.0,13.4,0.31,0.31,0.62,6.8,93.6,103.0
7,Grayson Allen,Mil,G,26.48,64,27.5,57.2,15.3,6.7,70,0.857,175,0.526,382,0.408,0.585,0.606,11.1,3.4,6.5,1.5,7.6,0.7,0.25,0.66,5.6,121.0,109.9
8,Jarrett Allen,Cle,C,23.95,56,32.3,67.3,18.1,12.7,233,0.708,535,0.688,10,0.1,0.678,0.698,16.1,10.7,18.3,1.6,8.2,0.77,1.34,1.68,8.1,132.7,104.2
9,Jose Alvarado,Nor,G,23.97,48,15.3,32.0,18.4,11.1,44,0.727,161,0.522,99,0.313,0.502,0.524,6.1,1.9,6.7,2.7,26.3,1.31,0.15,0.73,8.2,114.0,103.2
10,Justin Anderson,Cle,F-G,28.37,3,15.5,32.4,11.1,17.0,4,0.75,2,1.0,6,0.333,0.625,0.666,4.3,2.0,7.1,2.0,17.5,0.33,0.0,0.67,6.7,126.3,103.8
11,Justin Anderson,Ind,F-G,28.37,10,23.3,48.6,16.0,6.9,14,0.786,30,0.6,45,0.267,0.48,0.511,8.3,3.8,9.0,2.4,14.3,0.7,0.3,0.6,7.3,112.0,111.8
12,Kyle Anderson,Mem,F-G,28.53,64,21.4,44.6,16.1,11.5,97,0.629,334,0.473,100,0.32,0.475,0.496,7.4,5.3,12.9,2.6,15.8,1.13,0.64,0.97,8.7,108.8,103.1
13,Giannis Antetokounmpo,Mil,F,27.32,63,32.9,68.6,35.1,12.3,730,0.723,943,0.616,230,0.3,0.584,0.635,30.1,11.7,18.7,5.8,32.2,1.05,1.43,3.32,15.4,124.1,99.6
14,Thanasis Antetokounmpo,Mil,F,29.7,44,9.0,18.8,14.5,14.8,34,0.618,89,0.562,11,0.091,0.515,0.539,2.8,2.1,12.5,0.4,6.5,0.32,0.2,0.45,5.9,112.0,97.3
15,Carmelo Anthony,Lal,F,37.84,67,26.0,54.2,20.3,7.1,157,0.828,311,0.521,384,0.38,0.548,0.584,13.3,4.2,8.6,1.0,5.4,0.67,0.76,0.87,5.9,114.8,108.1
16,Cole Anthony,Orl,G,21.88,63,32.2,67.1,25.1,14.1,252,0.853,514,0.434,387,0.339,0.466,0.521,16.7,5.5,9.0,5.8,29.2,0.73,0.27,2.63,10.1,103.6,107.3
17,OG Anunoby,Tor,F,24.71,46,36.3,75.5,20.7,9.4,111,0.748,373,0.507,307,0.368,0.527,0.549,17.4,5.4,8.1,2.6,10.9,1.48,0.54,1.65,6.9,112.3,106.7
18,Ryan Arcidiacono,Nyk,G,28.02,6,2.8,5.9,7.7,0.0,0,0.0,1,0.0,2,1.0,1.0,1.0,1.0,0.2,3.1,0.0,0.0,0.0,0.0,0.0,0.0,,
19,Trevor Ariza,Lal,F,36.75,24,19.3,40.1,11.0,9.3,18,0.556,25,0.52,74,0.27,0.434,0.449,4.0,3.4,9.5,1.1,7.5,0.5,0.25,0.46,5.1,97.4,112.6
20,D.J. Augustin,Hou,G,34.39,34,15.0,31.2,16.5,22.8,38,0.868,40,0.4,96,0.406,0.548,0.596,5.4,1.2,4.4,2.2,20.6,0.29,0.0,1.32,6.5,106.9,119.2
21,D.J. Augustin,Lal,G,34.39,15,17.4,36.2,11.5,10.1,1,1.0,13,0.692,49,0.531,0.774,0.777,6.5,1.5,4.5,1.5,12.3,0.33,0.0,0.47,5.6,142.9,115.6
22,Deni Avdija,Was,F,21.24,76,23.8,49.6,15.8,11.3,131,0.763,285,0.519,228,0.316,0.499,0.536,8.1,5.2,12.1,1.9,11.1,0.74,0.54,0.96,7.2,107.2,105.0
23,Joel Ayayi,Was,G,22.07,7,2.9,6.0,13.2,0.0,0,0.0,5,0.2,1,0.0,0.167,0.167,0.3,0.4,8.2,0.6,25.3,0.0,0.0,0.0,5.7,,
24,Deandre Ayton,Pho,C,23.69,55,29.6,61.6,21.4,10.8,137,0.752,640,0.645,17,0.353,0.642,0.66,17.2,10.1,18.5,1.4,7.3,0.71,0.67,1.58,8.4,125.0,99.7
25,Udoka Azubuike,Uta,C-F,22.54,17,11.5,23.9,14.8,18.2,11,0.545,49,0.755,0,0.0,0.755,0.743,4.7,4.2,20.0,0.0,0.0,0.06,0.65,0.71,0.0,125.0,98.1
26,Marvin Bagley III,Sac,F,23.05,30,21.9,45.6,18.8,7.3,47,0.745,184,0.538,62,0.242,0.494,0.521,9.3,7.2,17.7,0.6,3.9,0.3,0.37,0.7,6.3,111.0,109.1
27,Marvin Bagley III,Det,F,23.05,18,27.2,56.7,21.2,7.4,54,0.593,165,0.624,35,0.229,0.575,0.585,14.6,6.8,13.6,1.1,6.9,0.72,0.39,1.0,7.0,115.7,107.4
28,LaMelo Ball,Cha,G,20.61,70,32.4,67.5,28.1,14.6,236,0.869,652,0.463,524,0.378,0.509,0.548,20.0,6.7,10.9,7.5,35.3,1.57,0.43,3.13,12.4,111.2,104.9
29,Lonzo Ball,Chi,G,24.43,35,34.6,72.2,17.4,17.2,28,0.75,123,0.423,260,0.423,0.567,0.575,13.0,5.4,8.8,5.1,20.0,1.83,0.89,2.34,8.2,109.8,107.5
30,Mo Bamba,Orl,C,23.89,66,25.8,53.7,17.0,11.2,64,0.797,317,0.558,250,0.372,0.558,0.575,10.4,8.0,16.3,1.1,6.8,0.58,1.64,1.14,7.0,112.3,103.0
31,Desmond Bane,Mem,G,23.77,73,30.0,62.4,23.1,8.6,147,0.898,553,0.488,509,0.43,0.564,0.59,18.2,4.4,7.7,2.8,13.7,1.15,0.4,1.45,8.1,118.5,104.6
32,Dalano Banton,Tor,F,22.4,63,11.0,22.9,16.9,19.4,42,0.595,151,0.464,51,0.255,0.443,0.463,3.2,2.0,9.6,1.6,19.7,0.41,0.16,0.84,7.9,97.9,104.1
33,Cat Barber,Atl,G,20.0,3,4.3,8.9,23.1,14.8,4,0.0,4,0.0,0,0.0,0.0,0.0,0.0,1.0,12.9,1.0,27.2,0.0,0.0,0.33,0.0,37.8,110.9
34,Harrison Barnes,Sac,F,29.84,72,34.0,70.8,18.9,10.8,402,0.828,447,0.519,338,0.402,0.555,0.626,16.7,5.7,9.0,2.5,10.6,0.72,0.19,1.61,7.3,122.0,115.4
35,Scottie Barnes,Tor,F,20.67,68,35.5,74.0,19.1,12.1,198,0.727,689,0.54,171,0.298,0.522,0.55,15.3,7.5,11.5,3.5,14.8,1.12,0.81,1.91,8.3,114.6,106.7
36,RJ Barrett,Nyk,F-G,21.8,66,34.7,72.3,27.3,9.9,378,0.72,738,0.446,381,0.346,0.471,0.516,20.1,5.9,9.0,2.9,14.4,0.62,0.24,2.15,8.1,104.2,108.5
37,Will Barton,Den,G,31.23,67,31.9,66.5,21.0,11.8,118,0.797,446,0.511,403,0.36,0.525,0.547,14.7,4.9,8.5,3.9,17.8,0.79,0.46,1.81,8.2,107.3,110.4
38,Charles Bassey,Phi,C-F,21.42,23,7.3,15.2,16.2,13.3,12,0.75,43,0.698,4,0.0,0.638,0.66,3.0,2.7,20.5,0.3,6.6,0.22,0.74,0.35,7.4,131.2,90.1
39,Paris Bass,Pho,F,26.59,2,3.7,7.7,51.8,22.5,2,1.0,4,0.5,2,0.0,0.333,0.436,3.0,2.0,29.1,0.0,0.0,0.5,0.0,1.0,0.0,,
40,Keita Bates-Diop,San,F,26.19,53,15.9,33.1,14.1,12.8,54,0.741,173,0.549,49,0.347,0.543,0.572,5.3,3.8,12.7,0.7,5.6,0.47,0.26,0.68,6.1,111.7,108.5
41,Nicolas Batum,Lac,G-F,33.29,56,24.9,51.8,13.6,8.9,36,0.667,113,0.611,262,0.397,0.6,0.606,8.5,4.3,9.2,1.6,9.3,0.98,0.75,0.68,6.2,117.6,107.4
42,Kent Bazemore,Lal,G-F,32.75,38,14.0,29.1,13.4,12.7,17,0.765,58,0.276,79,0.367,0.434,0.457,3.5,1.8,6.7,0.9,8.3,0.66,0.21,0.55,5.1,94.0,103.6
43,Darius Bazley,Okc,F-G,21.8,69,27.9,58.1,18.3,11.1,170,0.688,380,0.511,269,0.297,0.484,0.515,10.8,6.3,11.6,1.4,7.8,0.84,1.01,1.3,6.5,101.0,110.8
44,Bradley Beal,Was,G,28.76,40,36.0,74.9,30.8,13.6,203,0.833,561,0.508,210,0.3,0.492,0.539,23.2,4.7,7.2,6.6,31.1,0.9,0.38,3.38,10.0,105.7,111.4
45,Malik Beasley,Min,G,25.34,74,25.0,52.1,19.6,5.0,54,0.796,206,0.432,595,0.376,0.531,0.541,12.1,2.9,6.2,1.5,8.5,0.5,0.15,0.58,6.0,110.3,113.1
46,Jordan Bell,Chi,F,27.23,1,2.0,4.2,0.0,,0,0.0,0,0.0,0,0.0,,,0.0,1.0,28.0,0.0,0.0,1.0,0.0,0.0,0.0,,
47,DeAndre' Bembry,Bro,G-F,27.74,48,19.8,41.2,11.7,11.6,35,0.6,177,0.599,36,0.417,0.603,0.609,5.8,3.2,8.7,1.3,8.5,0.98,0.52,0.63,5.8,120.0,104.5
48,DeAndre' Bembry,Mil,G-F,27.74,8,9.6,20.1,5.0,11.1,0,0.0,8,0.375,0,0.0,0.375,0.375,0.8,1.4,7.5,0.8,9.5,0.25,0.0,0.13,4.0,116.5,103.4
49,Davis Bertans,Was,F,29.38,34,14.7,30.7,17.6,7.1,30,0.933,27,0.519,144,0.319,0.485,0.527,5.7,1.8,6.7,0.5,4.5,0.32,0.18,0.41,4.7,103.4,106.5
50,Davis Bertans,Dal,F,29.38,17,13.6,28.3,17.8,4.4,10,0.8,15,0.467,68,0.324,0.482,0.503,5.2,2.3,9.3,0.4,4.4,0.24,0.24,0.24,5.0,103.2,101.1
51,Patrick Beverley,Min,G,33.72,55,25.6,53.3,16.1,13.1,121,0.719,182,0.489,235,0.349,0.508,0.543,9.3,4.1,8.6,4.6,24.3,1.09,0.91,1.29,8.7,118.6,103.3
52,Saddiq Bey,Det,F,22.98,77,33.7,70.2,21.1,7.4,241,0.822,497,0.457,581,0.346,0.49,0.53,16.3,5.6,9.0,2.9,13.7,0.91,0.21,1.22,7.6,110.8,113.4
53,Khem Birch,Tor,C,29.51,49,18.2,37.9,11.3,10.2,70,0.743,169,0.521,12,0.0,0.486,0.538,4.7,4.4,13.0,1.1,7.9,0.55,0.47,0.49,6.2,125.9,103.8
54,Goga Bitadze,Ind,C-F,22.7,48,14.3,29.9,20.3,13.2,90,0.667,166,0.614,77,0.286,0.556,0.584,6.9,3.6,13.9,1.1,11.0,0.44,0.81,0.9,8.4,117.2,103.0
55,Bismack Biyombo,Pho,C,29.59,32,13.2,27.5,17.9,13.7,62,0.5,124,0.581,0,0.0,0.581,0.578,5.5,4.3,17.7,0.6,5.8,0.34,0.69,0.75,7.3,117.3,94.1
56,Nemanja Bjelica,Gol,F,33.89,66,15.8,33.0,17.8,18.8,74,0.703,177,0.537,137,0.35,0.532,0.557,5.8,4.0,13.7,2.1,19.1,0.58,0.36,1.21,9.2,108.2,96.9
57,Eric Bledsoe,Lac,G,32.31,54,25.2,52.5,20.6,18.3,117,0.761,305,0.479,163,0.313,0.475,0.514,9.9,3.4,7.0,4.2,24.4,1.28,0.35,2.15,8.3,100.3,107.4
58,Keljin Blevins,Por,G,26.35,25,10.0,20.9,16.4,13.6,8,0.5,30,0.333,49,0.327,0.43,0.436,2.9,1.4,7.4,0.7,9.6,0.24,0.04,0.52,5.7,92.3,113.3
59,Bojan Bogdanovic,Uta,F,32.95,65,30.8,64.2,23.7,10.1,235,0.864,432,0.525,440,0.389,0.554,0.6,18.0,4.3,7.6,1.8,8.9,0.42,0.02,1.68,6.7,116.7,110.5
60,Bogdan Bogdanovic,Atl,G,29.62,58,29.3,61.1,21.5,8.1,104,0.856,308,0.526,415,0.364,0.537,0.563,14.9,3.9,7.3,3.0,15.3,1.07,0.22,1.17,7.6,113.7,110.4
61,Bol Bol,Den,C-F,22.37,13,6.2,12.9,17.6,12.4,3,0.667,23,0.609,4,0.25,0.574,0.583,2.5,1.5,13.8,0.4,9.2,0.08,0.15,0.31,7.4,110.2,109.4
62,Leandro Bolmaro,Min,F,21.55,34,6.6,13.7,11.8,20.7,11,0.818,28,0.321,17,0.235,0.333,0.391,1.1,1.2,9.5,0.5,9.5,0.18,0.0,0.38,5.3,90.0,105.0
63,Isaac Bonga,Tor,G,22.4,15,4.6,9.5,11.5,10.8,8,0.625,9,0.222,4,0.25,0.269,0.363,0.8,0.5,5.5,0.3,7.3,0.53,0.13,0.13,4.3,92.5,96.2
64,Devin Booker,Pho,G,25.42,65,34.5,71.8,32.0,9.5,351,0.866,887,0.505,458,0.376,0.525,0.572,26.4,5.0,7.9,4.9,22.5,1.17,0.4,2.42,10.0,112.9,103.6
65,Brandon Boston Jr.,Lac,G,20.34,50,14.4,30.1,22.6,8.1,68,0.838,201,0.413,109,0.312,0.432,0.478,6.5,2.1,7.6,0.9,9.7,0.5,0.24,0.6,6.4,97.2,108.5
66,Chris Boucher,Tor,F-C,29.22,74,21.0,43.8,17.9,6.3,176,0.773,324,0.58,206,0.286,0.522,0.567,9.3,6.2,16.0,0.3,1.9,0.62,0.92,0.55,4.9,122.7,101.5
67,James Bouknight,Cha,G,21.53,28,10.6,22.0,23.3,8.0,31,0.871,87,0.356,49,0.347,0.415,0.468,5.0,1.7,8.5,0.8,10.9,0.25,0.04,0.46,7.1,102.2,109.1
68,Avery Bradley,Lal,G,31.35,59,22.5,46.9,12.4,9.7,18,0.889,134,0.455,202,0.381,0.525,0.536,6.3,2.3,5.4,0.8,4.5,0.85,0.15,0.63,4.0,104.5,109.7
69,Tony Bradley,Chi,C-F,24.23,51,10.3,21.4,12.8,19.7,25,0.68,111,0.577,0,0.0,0.577,0.594,2.8,3.4,18.7,0.5,6.7,0.22,0.63,0.59,6.5,118.1,102.6
70,Ignas Brazdeikis,Orl,F,23.23,37,10.4,21.7,16.7,8.1,19,0.737,70,0.514,58,0.293,0.48,0.502,3.7,1.4,6.9,0.7,10.7,0.22,0.05,0.32,5.9,104.2,107.5
71,Miles Bridges,Cha,F,24.03,75,35.9,74.8,22.6,10.1,311,0.801,708,0.59,440,0.33,0.554,0.592,20.3,7.1,10.4,3.8,15.9,0.96,0.87,1.93,9.1,116.4,109.5
72,Mikal Bridges,Pho,F,25.58,76,35.6,74.1,14.9,6.7,146,0.829,507,0.623,296,0.378,0.603,0.628,14.3,4.4,6.6,2.3,8.7,1.18,0.46,0.82,5.9,126.0,107.0
73,Oshae Brissett,Ind,F-G,23.78,62,22.6,47.1,16.8,8.4,141,0.688,238,0.475,203,0.33,0.484,0.521,8.5,5.2,12.7,0.9,5.7,0.61,0.47,0.74,6.0,110.9,111.1
74,Malcolm Brogdon,Ind,G,29.3,36,33.5,69.8,24.6,11.1,167,0.856,357,0.518,186,0.312,0.501,0.557,19.1,5.1,8.5,5.9,27.1,0.86,0.39,2.14,9.9,115.7,113.7
75,Armoni Brooks,Hou,G,23.82,41,16.8,35.1,17.4,8.1,19,0.842,38,0.605,213,0.3,0.474,0.49,6.2,2.0,6.4,1.2,10.3,0.51,0.2,0.56,5.9,100.4,111.9
76,Armoni Brooks,Tor,G,23.82,10,11.6,24.2,12.2,9.1,0,0.0,2,0.5,28,0.321,0.483,0.483,2.9,1.6,7.4,1.0,11.4,0.6,0.3,0.3,5.8,113.8,106.9
77,Dillon Brooks,Mem,G-F,26.19,29,27.6,57.5,28.5,8.3,97,0.835,330,0.482,137,0.307,0.475,0.515,18.1,3.2,6.1,2.6,14.2,1.21,0.24,1.59,7.7,107.0,101.3
78,Chaundee Brown Jr.,Lal,G,23.32,2,10.3,21.5,16.7,12.5,0,0.0,4,0.25,3,0.0,0.143,0.143,1.0,1.0,5.2,0.0,0.0,0.0,0.0,0.5,0.0,27.4,120.6
79,Charlie Brown Jr.,Dal,G,24.16,3,5.1,10.7,14.6,0.0,0,0.0,2,0.5,3,0.0,0.2,0.2,0.7,0.3,3.6,0.3,8.7,0.67,0.33,0.0,3.1,55.7,93.2
80,Chaundee Brown Jr.,Atl,G,23.32,3,27.7,57.7,14.5,0.0,6,0.833,10,0.3,15,0.4,0.48,0.525,9.7,4.7,9.2,1.3,6.4,0.67,0.0,0.0,5.6,117.6,108.7
81,Charlie Brown Jr.,Phi,G,24.16,19,8.5,17.8,12.0,11.5,10,0.9,25,0.32,9,0.111,0.279,0.365,1.5,1.6,10.6,0.3,4.1,0.42,0.16,0.26,4.2,93.1,103.2
82,Greg Brown III,Por,F,20.58,42,11.8,24.5,17.3,12.1,55,0.636,108,0.491,42,0.238,0.453,0.491,4.1,2.6,12.0,0.6,7.7,0.48,0.48,0.57,6.3,102.5,103.2
83,Troy Brown Jr.,Chi,G-F,22.68,61,16.1,33.6,12.1,8.5,25,0.76,115,0.487,121,0.347,0.504,0.52,4.2,3.0,10.5,0.9,7.4,0.49,0.08,0.38,5.6,110.2,109.4
84,Bruce Brown,Bro,G-F,25.63,68,24.0,50.0,15.0,8.6,115,0.748,383,0.53,84,0.381,0.537,0.568,8.6,4.7,10.6,1.9,10.9,1.07,0.62,0.72,7.1,120.5,105.4
85,Jaylen Brown,Bos,G-F,25.43,61,33.8,70.4,30.4,11.6,295,0.759,690,0.539,435,0.354,0.536,0.57,23.4,6.1,9.8,3.3,16.9,0.98,0.26,2.7,9.2,108.1,102.4
86,Moses Brown,Dal,C,22.47,26,6.5,13.5,22.1,16.9,43,0.628,50,0.54,0,0.0,0.54,0.588,3.1,2.3,20.0,0.0,0.9,0.12,0.35,0.54,0.0,107.3,90.6
87,Moses Brown,Cle,C,22.47,9,9.5,19.7,18.9,5.5,17,0.529,27,0.667,0,0.0,0.667,0.653,5.0,3.9,22.7,0.0,0.0,0.33,0.67,0.22,0.0,132.7,92.1
88,Sterling Brown,Dal,G-F,27.14,48,12.8,26.6,13.1,12.9,15,0.933,60,0.483,89,0.303,0.466,0.492,3.2,3.0,13.1,0.7,7.7,0.27,0.15,0.48,5.9,101.8,101.6
89,Jalen Brunson,Dal,G,25.58,74,32.1,66.8,21.9,10.5,197,0.838,718,0.542,231,0.368,0.544,0.578,16.2,3.8,6.6,4.9,25.0,0.85,0.04,1.64,8.4,117.3,106.9
90,Thomas Bryant,Was,C-F,24.67,23,17.3,36.1,19.4,10.4,40,0.875,99,0.626,39,0.282,0.569,0.617,8.3,4.0,12.7,1.0,8.9,0.26,0.78,0.78,7.4,120.9,106.0
91,Shaq Buchanan,Mem,G,20.0,2,4.9,10.2,25.1,33.3,0,0.0,2,0.5,2,0.0,0.25,0.25,1.0,1.0,10.6,1.0,25.5,0.5,0.0,1.0,8.2,61.1,99.5
92,Reggie Bullock,Dal,G-F,31.04,63,27.7,57.6,13.5,6.9,44,0.818,101,0.554,365,0.359,0.542,0.557,8.6,3.5,7.0,1.2,6.2,0.63,0.21,0.57,4.8,111.5,107.4
93,Trey Burke,Dal,G,29.38,39,10.7,22.3,26.0,10.8,23,0.87,125,0.448,80,0.313,0.456,0.481,5.3,0.8,4.1,1.3,20.1,0.28,0.0,0.67,6.6,96.9,104.8
94,Alec Burks,Nyk,G,30.7,76,28.3,58.9,17.7,9.1,245,0.824,317,0.379,365,0.395,0.493,0.553,11.5,4.8,9.1,2.9,15.4,1.07,0.33,1.04,7.7,116.8,103.6
95,Jared Butler,Uta,G,21.6,39,7.8,16.3,24.0,18.5,12,0.583,56,0.518,75,0.347,0.519,0.525,3.7,0.9,6.5,1.3,24.7,0.33,0.18,0.79,8.4,100.8,99.1
96,Jimmy Butler,Mia,F,32.55,54,33.8,70.3,26.7,10.2,428,0.871,686,0.516,107,0.215,0.49,0.586,21.3,5.9,9.9,5.5,26.9,1.67,0.5,2.07,10.5,123.5,106.5
97,Devontae Cacok,San,F,25.48,11,8.4,17.5,14.2,6.4,7,0.571,26,0.692,0,0.0,0.692,0.688,3.6,3.3,20.4,0.5,7.7,0.64,0.64,0.18,8.6,138.0,94.6
98,Kentavious Caldwell-Pope,Was,G,29.12,73,30.3,63.1,18.7,9.6,149,0.886,389,0.465,385,0.39,0.525,0.562,12.9,3.4,6.2,1.9,9.3,1.1,0.34,1.22,5.8,108.8,111.9
99,Facundo Campazzo,Den,G,31.03,63,18.6,38.8,14.7,16.9,78,0.769,102,0.48,189,0.302,0.462,0.506,5.2,1.9,5.6,3.4,24.0,0.97,0.37,1.05,6.9,109.3,103.8
100,Vlatko Cancar,Den,F,24.98,14,10.9,22.7,15.1,15.3,12,0.75,27,0.556,12,0.583,0.654,0.678,4.3,1.6,8.4,0.9,11.9,0.14,0.21,0.57,6.7,124.0,107.7
101,Clint Capela,Atl,C,27.87,69,27.6,57.5,15.4,6.6,155,0.471,557,0.605,1,0.0,0.604,0.596,10.8,11.8,23.5,1.3,7.0,0.68,1.3,0.64,8.0,132.3,105.0
102,Vernon Carey Jr.,Cha,F-C,21.1,4,4.2,8.8,20.9,12.0,3,0.667,6,0.5,0,0.0,0.5,0.546,2.0,1.3,15.6,0.0,0.0,0.25,0.0,0.25,0.0,113.7,110.2
103,Vernon Carey Jr.,Was,F-C,21.1,1,1.4,2.9,0.0,,0,0.0,0,0.0,0,0.0,,,0.0,0.0,0.0,0.0,0.0,0.0,0.0,0.0,0.0,,
104,Wendell Carter Jr.,Orl,C-F,22.96,62,29.9,62.2,20.8,13.1,207,0.691,470,0.615,214,0.327,0.576,0.601,15.0,10.4,18.5,2.8,15.4,0.58,0.69,1.89,10.2,115.4,103.0
105,Jevon Carter,Bro,G,26.55,46,12.0,25.0,16.0,12.7,10,0.7,47,0.34,127,0.331,0.454,0.462,3.6,1.5,6.6,1.0,10.9,0.3,0.22,0.57,5.8,93.9,109.6
106,Jevon Carter,Mil,G,26.55,15,17.4,36.3,10.6,9.3,8,1.0,21,0.476,34,0.588,0.727,0.752,5.9,2.1,6.5,2.2,16.9,0.33,0.2,0.4,6.9,151.1,109.9
107,Alex Caruso,Chi,G,28.09,39,28.3,58.9,13.4,16.7,73,0.795,128,0.469,120,0.35,0.496,0.543,7.8,3.6,7.2,3.9,17.9,1.79,0.38,1.44,6.8,111.5,105.3
108,Willie Cauley-Stein,Dal,C,28.62,18,9.8,20.5,10.9,16.3,2,0.5,33,0.455,2,0.5,0.471,0.474,1.9,2.1,11.9,0.5,7.0,0.33,0.17,0.39,5.1,102.9,101.2
109,Willie Cauley-Stein,Phi,C,28.62,2,2.9,5.9,0.0,,0,0.0,0,0.0,0,0.0,,,0.0,1.0,19.5,0.5,21.7,0.0,0.0,0.0,0.0,,
110,Ahmad Caver,Ind,G,20.0,1,0.9,1.9,47.6,0.0,0,0.0,1,1.0,0,0.0,1.0,1.0,2.0,0.0,0.0,0.0,0.0,0.0,0.0,0.0,0.0,,
111,Justin Champagnie,Tor,G-F,20.76,35,7.8,16.3,11.9,9.2,9,1.0,39,0.538,26,0.346,0.531,0.566,2.2,2.0,13.8,0.3,5.5,0.2,0.11,0.2,5.6,129.1,102.6
112,Zylan Cheatham,Uta,F,26.37,1,5.2,10.8,25.2,0.0,0,0.0,1,0.0,2,0.0,0.0,0.0,0.0,0.0,0.0,0.0,0.0,0.0,0.0,0.0,0.0,0.0,120.1
113,Chris Chiozza,Gol,G,26.36,34,10.9,22.8,13.4,28.0,3,0.667,28,0.25,53,0.321,0.401,0.407,2.0,1.1,5.2,1.9,22.6,0.38,0.0,0.94,5.9,88.4,104.1
114,Marquese Chriss,Dal,F,24.75,30,10.0,20.9,21.6,11.8,25,0.6,94,0.511,22,0.318,0.504,0.52,4.4,3.2,17.8,0.5,7.9,0.4,0.4,0.57,7.7,105.1,87.6
115,Josh Christopher,Hou,G,20.31,69,17.5,36.4,20.9,17.3,98,0.776,278,0.532,170,0.294,0.498,0.531,7.6,2.4,7.6,2.0,17.7,0.88,0.16,1.49,7.6,100.8,112.5
116,Brandon Clarke,Mem,F,25.53,60,19.4,40.5,17.7,6.6,126,0.659,392,0.666,22,0.227,0.649,0.66,10.3,5.5,14.7,1.3,10.2,0.55,1.13,0.55,8.6,137.3,102.2
117,Gary Clark,Nor,F,27.37,34,9.7,20.3,11.1,8.2,8,0.75,13,0.231,62,0.387,0.52,0.535,2.5,2.4,13.3,0.4,5.6,0.32,0.21,0.21,5.5,115.5,108.1
118,Jordan Clarkson,Uta,G,29.81,74,27.1,56.4,27.1,9.6,163,0.822,493,0.533,560,0.318,0.503,0.531,16.1,3.4,6.8,2.3,13.8,0.84,0.22,1.61,7.4,107.3,107.7
119,Nic Claxton,Bro,F-C,22.96,42,20.5,42.7,15.5,11.0,88,0.58,237,0.675,0,0.0,0.675,0.673,8.8,5.5,14.6,0.9,6.3,0.55,1.14,0.81,6.9,131.0,104.4
120,Amir Coffey,Lac,G-F,24.79,64,22.9,47.7,15.4,8.2,106,0.849,193,0.539,232,0.362,0.541,0.583,8.6,2.8,6.3,1.7,10.8,0.53,0.22,0.66,6.0,117.0,109.9
121,John Collins,Atl,F-C,24.52,54,30.8,64.1,20.5,7.7,169,0.793,468,0.588,176,0.364,0.576,0.61,16.2,7.8,13.9,1.8,9.0,0.61,1.04,1.11,7.9,122.8,106.2
122,Zach Collins,San,F-C,24.37,22,16.7,34.9,18.6,20.3,33,0.818,82,0.512,33,0.333,0.509,0.556,6.5,4.9,15.4,2.0,15.8,0.36,0.68,1.5,9.6,108.4,100.3
123,Darren Collison,Lal,G,34.61,3,12.4,25.8,9.3,12.5,0,0.0,4,0.5,3,0.0,0.286,0.286,1.3,1.3,5.7,0.7,6.7,0.33,0.0,0.33,3.4,64.8,104.0
124,Mike Conley,Uta,G,34.47,68,28.4,59.1,20.8,12.5,153,0.81,349,0.461,387,0.408,0.541,0.573,13.5,3.0,5.7,5.2,27.1,1.32,0.29,1.69,8.4,120.2,107.5
125,Pat Connaughton,Mil,G,29.23,60,26.4,55.0,13.9,6.2,51,0.824,117,0.658,345,0.4,0.615,0.63,10.2,4.3,8.6,1.2,6.4,0.88,0.23,0.53,5.7,125.9,108.9
126,Tyler Cook,Chi,F,24.52,19,10.3,21.5,12.7,12.4,31,0.645,36,0.611,0,0.0,0.611,0.645,3.4,2.7,14.9,0.2,2.0,0.21,0.21,0.37,4.8,128.0,101.2
127,Sharife Cooper,Atl,G,20.81,11,3.2,6.7,23.5,26.3,0,0.0,8,0.25,6,0.167,0.25,0.25,0.6,0.5,7.8,0.5,18.2,0.0,0.0,0.45,6.6,,
128,Petr Cornelie,Den,F,26.68,13,2.9,6.1,24.0,19.3,4,0.75,7,0.571,8,0.125,0.367,0.418,1.1,1.1,20.6,0.2,10.9,0.08,0.08,0.31,8.6,,
129,DeMarcus Cousins,Mil,C,31.63,17,16.9,35.1,22.5,10.6,38,0.816,70,0.6,48,0.271,0.521,0.572,9.1,5.8,18.1,1.1,9.4,0.94,0.47,0.94,9.2,116.0,92.3
130,DeMarcus Cousins,Den,C,31.63,26,14.5,30.1,31.8,21.7,74,0.73,116,0.517,64,0.328,0.508,0.557,9.1,5.9,22.8,1.7,18.2,0.69,0.38,2.27,12.4,100.3,86.8
131,Robert Covington,Por,F,31.3,48,29.8,62.1,12.4,14.2,36,0.833,106,0.462,230,0.343,0.499,0.519,7.6,5.7,10.5,1.4,6.6,1.54,1.31,1.21,5.3,100.8,108.1
132,Robert Covington,Lac,F,31.3,18,21.6,45.1,15.3,9.6,23,0.87,41,0.61,71,0.423,0.625,0.655,8.9,4.8,11.7,1.1,7.2,1.22,1.33,0.72,6.7,124.6,98.9
133,Torrey Craig,Ind,F,31.28,51,20.3,42.2,13.9,11.6,35,0.771,143,0.573,138,0.333,0.537,0.555,6.5,3.8,10.5,1.1,7.7,0.47,0.37,0.76,5.9,112.7,110.0
134,Torrey Craig,Pho,F,31.28,21,21.5,44.8,14.4,14.6,17,0.706,52,0.654,69,0.29,0.529,0.545,6.7,4.8,12.0,1.3,7.9,0.86,0.62,1.05,6.5,105.6,99.4
135,Jae Crowder,Pho,F,31.74,64,28.3,58.9,14.6,9.0,89,0.798,171,0.509,348,0.351,0.52,0.547,9.5,5.3,10.1,1.8,8.1,1.41,0.45,0.86,6.3,109.2,99.5
136,Jarrett Culver,Mem,G-F,23.11,35,8.4,17.6,20.4,11.6,29,0.483,77,0.468,40,0.25,0.436,0.447,3.3,1.3,7.8,0.9,14.0,0.54,0.14,0.49,7.5,96.4,98.8
137,Jarron Cumberland,Por,G,24.52,3,4.1,8.5,7.0,0.0,0,0.0,1,1.0,1,0.0,0.5,0.5,0.7,1.0,13.3,0.3,11.2,0.0,0.0,0.0,5.8,138.0,103.6
138,Cade Cunningham,Det,G,20.52,61,32.8,68.4,27.4,17.3,155,0.839,637,0.474,353,0.32,0.476,0.507,17.6,5.6,9.2,5.6,29.1,1.25,0.67,3.62,10.0,96.9,106.8
139,Seth Curry,Phi,G,31.61,45,34.8,72.5,18.5,13.0,73,0.877,278,0.561,250,0.4,0.58,0.603,15.0,3.4,5.4,4.0,18.0,0.8,0.24,1.87,6.8,113.4,109.2
140,Seth Curry,Bro,G,31.61,17,30.0,62.5,18.9,10.7,18,0.889,81,0.506,111,0.477,0.628,0.643,15.1,2.6,4.7,2.5,12.3,1.0,0.18,1.41,6.2,118.7,109.8
141,Stephen Curry,Gol,G,34.05,64,34.6,72.0,30.8,13.2,298,0.923,474,0.527,750,0.38,0.554,0.601,25.5,5.2,8.2,6.3,30.6,1.33,0.36,3.22,10.9,115.1,105.0
142,Anthony Davis,Lal,F-C,29.06,37,35.1,73.1,26.9,9.4,227,0.709,569,0.578,66,0.182,0.546,0.582,23.1,9.7,14.8,2.9,13.9,1.22,2.32,2.05,9.9,116.2,107.5
143,Ed Davis,Cle,C-F,32.82,28,6.8,14.2,6.3,18.4,14,0.429,16,0.688,0,0.0,0.688,0.632,1.0,2.3,18.5,0.2,4.1,0.11,0.32,0.18,4.5,126.7,91.0
144,Terence Davis,Sac,G,24.88,30,17.9,37.2,25.5,10.3,44,0.818,118,0.542,149,0.329,0.515,0.543,10.4,3.1,9.5,1.3,11.8,0.83,0.37,1.1,7.8,103.4,103.2
145,Gabriel Deck,Okc,F,27.14,7,7.9,16.5,12.4,12.5,0,0.0,10,0.6,4,0.5,0.643,0.643,2.6,0.9,5.5,0.7,13.9,0.14,0.0,0.29,6.0,121.0,114.6
146,Dewayne Dedmon,Mia,C,32.64,65,15.9,33.0,16.8,17.5,95,0.758,236,0.585,43,0.442,0.597,0.631,6.2,5.8,20.6,0.7,6.8,0.35,0.63,1.05,7.4,117.8,89.7
147,Sam Dekker,Tor,F,27.9,1,0.9,1.9,0.0,,0,0.0,0,0.0,0,0.0,,,0.0,0.0,0.0,0.0,0.0,0.0,0.0,0.0,0.0,,
148,Javin DeLaurier,Mil,C,20.0,1,2.8,5.8,0.0,,0,0.0,0,0.0,0,0.0,,,0.0,1.0,18.9,0.0,0.0,1.0,0.0,0.0,0.0,,
149,DeMar DeRozan,Chi,G-F,32.65,72,36.2,75.4,31.8,9.0,564,0.874,1328,0.52,134,0.358,0.522,0.59,28.0,5.3,8.3,5.0,23.6,0.89,0.33,2.36,10.0,117.6,110.1
150,Mamadi Diakite,Okc,F,25.19,13,14.4,30.1,13.3,10.4,11,0.545,42,0.595,5,0.0,0.532,0.54,4.3,4.5,15.8,0.2,1.6,0.38,0.69,0.46,4.4,110.1,94.4
151,Cheick Diallo,Det,F-C,25.55,3,10.2,21.3,16.3,8.6,6,0.833,8,0.375,0,0.0,0.375,0.517,3.7,4.0,21.2,0.0,0.0,0.33,0.0,0.33,0.0,115.7,92.1
152,Hamidou Diallo,Det,G,23.67,58,21.9,45.6,21.8,9.0,140,0.65,433,0.55,93,0.247,0.518,0.541,11.0,4.8,11.8,1.3,9.8,1.22,0.29,1.0,7.5,107.5,103.0
153,Gorgui Dieng,Atl,C,32.2,43,8.6,17.9,16.7,14.1,26,0.731,44,0.545,66,0.439,0.614,0.634,3.6,2.8,17.9,0.8,12.8,0.26,0.3,0.47,9.3,125.5,99.7
154,Spencer Dinwiddie,Was,G,28.99,44,30.2,63.0,21.0,11.6,143,0.811,266,0.432,226,0.31,0.447,0.501,12.6,4.7,8.6,5.8,27.7,0.61,0.16,1.66,9.3,108.8,109.4
155,Spencer Dinwiddie,Dal,G,28.99,18,30.5,63.5,22.3,8.1,93,0.72,121,0.579,88,0.386,0.579,0.618,17.2,3.5,6.4,4.2,21.9,0.78,0.28,1.22,8.3,125.3,105.9
156,Donte DiVincenzo,Mil,G,25.16,17,20.1,41.8,19.8,17.7,27,0.852,44,0.409,74,0.284,0.419,0.47,7.2,3.5,9.3,1.7,11.4,0.65,0.18,1.65,7.0,93.9,106.6
157,Donte DiVincenzo,Sac,G,25.16,20,26.4,55.0,17.6,14.3,37,0.838,57,0.333,112,0.366,0.476,0.518,9.6,4.3,8.8,3.4,17.7,1.45,0.15,1.55,7.9,106.8,110.9
158,Luka Doncic,Dal,F-G,23.09,60,35.6,74.1,37.0,15.2,433,0.737,778,0.527,521,0.351,0.527,0.567,28.1,9.2,14.3,8.6,45.3,1.15,0.55,4.43,14.7,109.9,102.4
159,Luguentz Dort,Okc,G,22.95,51,32.7,68.0,23.3,9.8,191,0.843,335,0.487,391,0.332,0.493,0.541,17.2,4.2,6.5,1.7,8.6,0.9,0.35,1.73,6.1,104.5,107.6
160,Ayo Dosunmu,Chi,G,22.2,72,27.2,56.7,13.7,15.5,68,0.676,312,0.596,172,0.372,0.583,0.593,8.5,2.7,5.6,3.3,16.5,0.75,0.4,1.31,6.2,113.3,108.3
161,Damyean Dotson,Nyk,G,27.9,2,10.3,21.5,8.5,0.0,0,0.0,3,0.667,1,0.0,0.5,0.5,2.0,1.0,5.2,0.5,7.1,0.0,0.0,0.0,3.9,113.6,117.8
162,Devon Dotson,Chi,G,22.66,11,7.7,16.1,16.5,15.6,9,0.556,14,0.643,9,0.222,0.522,0.538,2.6,0.8,5.9,1.4,23.8,0.09,0.0,0.45,7.4,109.3,104.6
163,Sekou Doumbouya,Lal,F,21.27,2,8.2,17.1,30.9,17.0,4,0.75,6,0.667,2,0.5,0.688,0.717,7.0,3.0,19.6,0.0,0.0,1.5,1.0,1.0,0.0,118.3,98.4
164,Jeff Dowtin,Gol,G,24.89,4,6.9,14.4,11.0,14.3,0,0.0,5,0.6,1,0.0,0.5,0.5,1.5,1.8,13.7,0.8,14.8,0.0,0.25,0.25,7.5,108.9,103.6
165,Jeff Dowtin,Mil,G,24.89,1,3.0,6.3,14.3,0.0,0,0.0,0,0.0,1,0.0,0.0,0.0,0.0,0.0,0.0,0.0,0.0,0.0,0.0,0.0,0.0,,
166,P.J. Dozier,Den,G-F,25.43,18,18.9,39.4,15.2,11.0,13,0.769,51,0.412,48,0.313,0.439,0.463,5.4,3.5,10.3,1.6,11.3,0.61,0.33,0.72,6.6,100.5,104.3
167,Goran Dragic,Tor,G,35.9,5,18.0,37.4,18.8,2.5,10,1.0,20,0.45,14,0.286,0.441,0.521,8.0,2.8,8.4,1.8,14.4,1.0,0.2,0.2,7.6,122.3,103.6
168,Goran Dragic,Bro,G,35.9,16,25.5,53.1,16.9,20.6,23,0.739,68,0.471,49,0.245,0.427,0.46,7.3,3.2,6.8,4.8,24.8,0.88,0.19,2.06,7.6,97.4,108.3
169,Andre Drummond,Phi,C,28.64,49,18.4,38.4,17.6,22.4,82,0.512,236,0.542,2,0.0,0.538,0.544,6.1,8.8,26.7,2.0,16.2,1.16,0.92,1.61,10.3,111.7,91.7
170,Andre Drummond,Bro,C,28.64,19,22.9,47.7,21.0,14.2,79,0.519,146,0.63,1,0.0,0.626,0.619,11.8,10.0,23.8,1.6,10.5,0.84,0.89,1.58,10.0,122.8,98.4
171,Chris Duarte,Ind,G,24.8,55,28.0,58.4,21.2,11.8,112,0.804,366,0.475,255,0.369,0.507,0.537,13.1,4.1,8.1,2.1,10.9,1.02,0.18,1.64,6.9,104.3,112.9
172,David Duke Jr.,Bro,G,22.47,21,16.2,33.7,16.0,7.1,21,0.81,71,0.423,37,0.243,0.403,0.444,5.0,3.2,10.8,0.8,6.6,0.67,0.33,0.43,5.8,104.5,105.8
173,Kris Dunn,Por,G,28.04,10,23.6,49.3,17.7,21.6,14,1.0,65,0.508,5,0.2,0.493,0.545,8.3,3.2,7.4,5.1,32.5,1.9,0.2,2.1,8.7,107.7,104.1
174,Kevin Durant,Bro,F,33.5,50,36.9,76.8,31.4,12.6,359,0.908,750,0.571,265,0.377,0.569,0.632,29.6,7.3,10.8,6.2,28.8,0.88,0.92,3.38,12.0,120.0,110.0
175,Jaime Echenique,Was,C,24.93,1,3.1,6.5,0.0,,0,0.0,0,0.0,0,0.0,,,0.0,0.0,0.0,0.0,0.0,0.0,0.0,0.0,0.0,,
176,Anthony Edwards,Min,G,20.66,67,34.3,71.6,26.3,12.6,254,0.78,596,0.508,559,0.36,0.523,0.555,21.0,4.8,7.4,3.7,17.0,1.49,0.67,2.72,8.4,106.6,108.9
177,Kessler Edwards,Bro,F,21.64,43,20.1,41.8,13.8,14.2,15,0.8,111,0.459,119,0.37,0.509,0.52,5.7,3.5,9.5,0.6,4.1,0.65,0.44,0.91,4.6,99.5,108.0
178,Rob Edwards,Okc,G,25.2,2,5.5,11.4,19.8,20.0,0,0.0,0,0.0,4,0.25,0.375,0.375,1.5,1.5,14.1,0.0,0.0,0.0,0.0,0.5,0.0,59.7,114.0
179,CJ Elleby,Por,F-G,21.79,52,19.3,40.2,15.0,14.3,76,0.737,160,0.456,105,0.286,0.445,0.489,5.6,3.9,11.0,1.4,10.2,0.58,0.31,0.96,6.5,102.8,108.9
180,Wayne Ellington,Lal,G,34.34,40,18.5,38.6,13.4,6.9,5,0.8,22,0.545,191,0.393,0.585,0.588,6.3,1.7,4.9,0.7,5.3,0.58,0.1,0.4,4.2,113.6,113.6
181,Joel Embiid,Phi,C-F,28.04,63,33.6,69.9,37.1,11.1,740,0.818,990,0.52,233,0.365,0.525,0.61,30.0,11.5,19.0,4.3,24.2,1.16,1.46,3.08,13.6,119.3,100.9
182,James Ennis III,Bro,F,31.75,2,6.9,14.3,22.0,0.0,0,0.0,5,0.2,2,0.5,0.357,0.357,2.5,2.5,19.9,0.0,0.0,0.5,0.5,0.0,0.0,93.0,112.1
183,James Ennis III,Lac,F,31.75,2,14.1,29.3,21.6,7.3,4,1.0,7,0.714,4,0.5,0.727,0.784,10.0,2.5,9.3,0.0,0.0,0.5,0.5,0.5,0.0,145.3,99.5
184,James Ennis III,Den,F,31.75,3,4.6,9.7,23.5,13.4,1,0.0,4,0.5,2,0.0,0.333,0.311,1.3,0.7,8.0,1.0,30.2,0.0,0.0,0.33,8.4,82.7,111.1
185,Drew Eubanks,San,F-C,25.16,49,12.1,25.3,17.0,19.2,79,0.747,151,0.55,8,0.125,0.531,0.588,4.7,4.0,17.3,1.0,11.1,0.27,0.61,0.94,8.8,113.5,103.5
186,Drew Eubanks,Por,F-C,25.16,17,29.2,60.8,17.3,13.0,37,0.784,147,0.687,10,0.3,0.672,0.693,14.1,8.9,16.6,1.8,10.1,0.71,0.41,1.53,8.3,132.1,109.9
187,Tacko Fall,Cle,C,26.31,11,5.3,11.1,13.6,16.6,7,0.286,12,0.417,0,0.0,0.417,0.398,1.1,2.1,21.6,0.2,4.6,0.0,0.55,0.27,5.8,91.9,104.4
188,Derrick Favors,Okc,F,30.71,39,16.7,34.9,13.4,4.5,25,0.64,166,0.554,16,0.125,0.522,0.534,5.3,4.7,14.5,0.6,5.9,0.44,0.31,0.23,5.9,119.2,104.3
189,Bruno Fernando,Bos,F-C,23.63,20,2.9,6.1,16.1,23.6,5,0.8,13,0.462,1,1.0,0.536,0.586,1.0,0.8,13.9,0.2,9.7,0.0,0.15,0.25,7.5,,
190,Bruno Fernando,Hou,F-C,23.63,9,8.4,17.6,25.5,15.4,15,0.733,31,0.742,1,0.0,0.719,0.738,6.3,3.7,23.8,0.2,5.2,0.0,0.56,0.78,8.0,126.6,94.0
191,Dorian Finney-Smith,Dal,F,28.91,75,33.2,69.1,13.9,10.1,81,0.667,249,0.586,407,0.386,0.582,0.591,10.9,4.8,8.0,1.8,8.0,1.08,0.49,1.04,5.5,117.8,105.5
192,Malik Fitts,Uta,F,20.0,7,5.0,10.4,13.8,18.2,0,0.0,5,0.0,4,0.5,0.333,0.333,0.9,1.4,15.7,0.0,0.0,0.0,0.0,0.29,0.0,57.1,102.8
193,Malik Fitts,Bos,F,20.0,5,2.1,4.4,16.6,0.0,0,0.0,0,0.0,4,0.25,0.375,0.375,0.6,0.6,15.2,0.0,0.0,0.0,0.0,0.0,0.0,,
194,Malachi Flynn,Tor,G,23.89,40,12.0,25.0,16.4,6.0,23,0.609,81,0.481,81,0.333,0.491,0.503,4.3,1.4,6.4,1.6,18.7,0.45,0.1,0.28,7.1,115.6,105.9
195,Bryn Forbes,San,G,28.69,40,16.9,35.2,21.8,9.4,49,0.898,145,0.448,151,0.417,0.539,0.572,9.1,1.6,4.9,1.0,8.6,0.43,0.08,0.83,5.8,107.5,111.9
196,Bryn Forbes,Den,G,28.69,33,17.2,35.8,20.4,8.4,31,0.903,94,0.447,133,0.406,0.542,0.569,8.3,0.9,2.9,1.0,8.2,0.21,0.06,0.67,4.5,108.2,109.2
197,Aleem Ford,Orl,F,20.0,5,14.7,30.6,14.1,16.7,0,0.0,5,0.8,15,0.133,0.35,0.35,2.8,3.0,10.8,0.4,3.8,0.2,0.0,0.8,4.1,67.4,105.8
198,Trent Forrest,Uta,G,23.8,59,12.8,26.6,12.8,20.9,48,0.792,126,0.548,27,0.185,0.5,0.548,3.2,1.7,7.1,1.8,18.5,0.51,0.08,0.78,6.7,111.8,108.6
199,Evan Fournier,Nyk,G-F,29.42,75,29.7,61.8,20.9,9.5,107,0.701,331,0.465,585,0.393,0.545,0.557,14.3,2.6,4.7,2.1,11.6,0.97,0.24,1.35,5.8,108.9,107.7
200,De'Aaron Fox,Sac,G,24.28,59,35.3,73.6,29.0,11.9,348,0.75,843,0.524,249,0.297,0.506,0.549,23.2,3.9,6.0,5.6,26.7,1.15,0.42,2.85,9.0,107.6,110.7
201,Tim Frazier,Orl,G,31.41,10,20.0,41.6,13.0,21.7,9,0.556,26,0.269,17,0.353,0.372,0.394,3.7,1.9,5.0,3.3,22.7,0.3,0.1,1.3,5.7,89.1,106.0
202,Tim Frazier,Cle,G,31.41,2,4.1,8.4,21.8,50.0,0,0.0,2,0.5,0,0.0,0.5,0.5,1.0,0.0,0.0,0.5,17.7,0.0,0.0,1.0,0.0,57.2,77.5
203,Enes Freedom,Bos,C,29.86,35,11.8,24.5,13.9,15.5,28,0.857,92,0.533,5,0.4,0.536,0.585,3.7,4.6,20.9,0.2,2.8,0.14,0.4,0.57,5.1,122.0,97.2
204,Markelle Fultz,Orl,G,23.84,13,18.5,38.5,28.0,16.1,26,0.808,108,0.481,11,0.273,0.475,0.514,10.3,2.5,7.0,4.5,43.5,1.15,0.38,1.92,10.5,102.4,108.6
205,Wenyen Gabriel,Bro,F,25.02,1,1.3,2.7,0.0,,0,0.0,0,0.0,0,0.0,,,0.0,1.0,42.0,0.0,0.0,0.0,0.0,0.0,0.0,,
206,Wenyen Gabriel,Lac,F,25.02,6,7.7,16.1,16.9,16.9,4,0.5,8,0.375,5,0.4,0.462,0.474,2.3,2.3,15.9,0.3,6.0,0.17,0.33,0.5,6.1,97.9,86.8
207,Wenyen Gabriel,Lal,F,25.02,13,15.9,33.1,18.2,9.2,25,0.64,47,0.553,21,0.238,0.493,0.525,6.4,4.4,14.8,0.5,4.8,0.31,0.31,0.62,6.1,112.5,96.1
208,Daniel Gafford,Was,F-C,23.5,66,20.0,41.7,16.6,12.8,131,0.702,370,0.692,1,0.0,0.69,0.705,9.2,5.7,15.7,1.0,7.5,0.41,1.42,0.95,7.5,134.6,103.7
209,Danilo Gallinari,Atl,F,33.64,62,25.0,52.0,18.2,5.3,150,0.907,278,0.475,268,0.369,0.514,0.569,11.2,4.6,10.2,1.6,8.8,0.42,0.18,0.55,7.0,118.9,112.0
210,Langston Galloway,Bro,G,30.31,4,14.6,30.3,13.3,27.8,0,0.0,5,0.6,8,0.25,0.462,0.462,3.0,2.0,7.5,1.3,11.0,0.0,0.0,1.25,5.4,80.2,110.1
211,Langston Galloway,Mil,G,30.31,3,16.2,33.7,12.3,7.1,0,0.0,5,0.2,8,0.0,0.077,0.077,0.7,3.3,10.9,2.3,17.2,0.33,0.0,0.33,4.3,56.4,110.0
212,Darius Garland,Cle,G,22.18,63,35.7,74.5,27.8,16.9,222,0.896,658,0.52,423,0.374,0.536,0.576,21.5,3.4,5.2,8.7,40.4,1.29,0.11,3.81,9.6,111.7,108.7
213,Marcus Garrett,Mia,G,23.39,12,10.7,22.3,8.7,7.9,5,0.4,17,0.235,4,0.25,0.262,0.28,1.1,1.9,10.1,0.6,7.1,0.42,0.25,0.17,4.0,89.8,98.2
214,Usman Garuba,Hou,F,20.06,19,8.1,16.9,10.8,10.2,7,0.714,15,0.6,17,0.235,0.469,0.499,1.8,2.5,17.0,0.5,8.0,0.42,0.37,0.21,6.5,113.3,105.4
215,Luka Garza,Det,C,23.26,31,11.6,24.1,20.4,10.0,55,0.655,87,0.506,42,0.333,0.504,0.542,5.4,2.9,13.6,0.5,7.1,0.29,0.16,0.55,6.8,114.7,102.9
216,Rudy Gay,Uta,F-G,35.62,52,18.9,39.3,19.6,10.2,76,0.789,166,0.482,195,0.349,0.504,0.537,8.2,4.4,12.8,1.0,7.5,0.48,0.29,0.87,7.0,110.3,103.2
217,Paul George,Lac,F,31.92,28,35.2,73.4,34.4,15.0,135,0.867,361,0.479,235,0.332,0.487,0.532,24.9,6.8,10.1,5.5,27.3,2.14,0.39,4.14,11.1,98.8,103.6
218,Taj Gibson,Nyk,F,36.77,47,18.1,37.7,9.5,13.0,44,0.795,112,0.563,29,0.448,0.585,0.624,4.3,4.4,13.0,0.6,4.6,0.4,0.79,0.51,5.0,129.8,97.3
219,Josh Giddey,Okc,G,19.47,54,31.5,65.6,22.2,19.5,79,0.709,457,0.492,213,0.263,0.461,0.478,12.5,7.8,12.7,6.4,32.4,0.94,0.37,3.17,10.9,97.8,109.0
220,Shai Gilgeous-Alexander,Okc,G-F,23.72,56,34.7,72.2,30.8,11.1,405,0.81,755,0.514,297,0.3,0.496,0.557,24.5,5.0,7.3,5.9,31.2,1.29,0.8,2.75,10.3,111.3,108.2
221,Anthony Gill,Was,F,29.45,39,9.5,19.8,13.5,10.7,41,0.756,63,0.635,19,0.579,0.689,0.72,3.7,1.7,10.0,0.5,8.2,0.1,0.26,0.31,6.2,140.8,104.4
222,Freddie Gillespie,Orl,F,20.0,9,13.2,27.5,11.0,16.6,7,0.429,21,0.429,1,0.0,0.409,0.419,2.3,4.0,16.0,0.6,5.9,0.33,1.0,0.56,5.4,98.0,98.0
223,Rudy Gobert,Uta,C,29.76,61,32.1,66.9,16.7,14.5,387,0.695,467,0.715,2,0.0,0.712,0.733,15.4,14.6,24.9,1.1,5.1,0.67,2.16,1.77,7.8,138.9,100.2
224,Brandon Goodwin,Cle,G,26.5,33,14.6,30.5,18.4,16.9,38,0.632,95,0.463,55,0.345,0.483,0.507,5.1,2.0,7.7,2.7,27.0,0.73,0.03,1.03,8.3,105.9,103.7
225,Jordan Goodwin,Was,G,23.44,2,3.0,6.1,22.6,0.0,0,0.0,2,0.0,1,0.0,0.0,0.0,0.0,0.5,9.3,0.0,0.0,0.0,0.0,0.0,0.0,,
226,Aaron Gordon,Den,F,26.54,71,31.4,65.5,19.7,12.4,215,0.74,541,0.599,241,0.32,0.562,0.592,14.6,5.7,10.2,2.5,11.8,0.61,0.58,1.75,7.5,114.5,109.2
227,Eric Gordon,Hou,G,33.26,57,29.3,61.0,18.6,14.6,135,0.778,263,0.548,301,0.412,0.585,0.614,13.4,2.0,3.7,2.7,14.1,0.49,0.32,1.88,5.7,111.2,119.1
228,Devonte' Graham,Nor,G,27.1,71,29.2,60.9,19.6,10.6,133,0.842,244,0.402,544,0.342,0.478,0.512,12.2,2.5,4.7,4.3,21.0,0.92,0.17,1.41,7.0,108.9,113.1
229,Jerami Grant,Det,F,28.06,47,31.9,66.5,25.7,9.5,259,0.838,445,0.465,254,0.358,0.491,0.556,19.2,4.1,6.9,2.4,12.5,0.94,1.04,1.81,7.2,109.0,111.0
230,Hassani Gravett,Orl,G,25.71,8,21.4,44.6,12.3,18.5,4,0.75,12,0.583,26,0.423,0.618,0.629,6.3,2.6,6.5,2.5,17.0,0.63,0.13,1.13,6.4,113.0,108.7
231,Danny Green,Phi,G,34.78,56,21.7,45.1,12.3,11.7,12,0.833,44,0.5,244,0.365,0.54,0.547,5.7,2.4,6.3,0.9,6.0,0.89,0.59,0.7,4.3,104.0,106.2
232,Draymond Green,Gol,F,32.08,41,29.0,60.4,14.2,32.2,84,0.643,176,0.591,50,0.26,0.546,0.572,7.3,7.3,13.7,7.0,32.6,1.39,1.07,3.05,9.9,108.6,97.6
233,Javonte Green,Chi,G-F,28.69,60,23.5,48.9,11.5,7.9,93,0.828,204,0.627,92,0.359,0.6,0.641,7.2,4.2,10.1,1.0,5.4,0.97,0.5,0.48,5.3,133.3,106.5
234,Jalen Green,Hou,G,20.14,62,31.4,65.4,23.3,11.8,203,0.803,441,0.492,412,0.337,0.499,0.538,16.4,3.3,5.7,2.6,13.2,0.65,0.27,2.03,6.6,102.9,116.9
235,JaMychal Green,Den,F-C,31.78,62,16.1,33.6,17.6,13.5,87,0.874,185,0.611,122,0.27,0.529,0.581,6.5,4.2,14.6,0.8,7.3,0.65,0.4,0.87,6.9,113.6,97.2
236,Jeff Green,Den,F,35.59,72,24.7,51.5,16.4,10.1,189,0.836,348,0.612,167,0.317,0.568,0.621,10.3,3.1,7.0,1.2,7.1,0.38,0.36,0.93,5.5,118.8,108.4
237,Josh Green,Dal,G,21.37,62,15.5,32.3,13.9,13.8,43,0.698,170,0.559,67,0.358,0.553,0.57,4.7,2.4,8.4,1.2,11.2,0.68,0.23,0.66,6.2,114.4,100.2
238,Blake Griffin,Bro,F,33.04,55,17.3,36.1,17.0,8.2,76,0.724,168,0.565,144,0.264,0.487,0.52,6.5,4.1,13.0,1.9,15.1,0.49,0.25,0.56,8.6,115.8,105.4
239,Quentin Grimes,Nyk,G,21.9,45,17.1,35.7,15.1,10.5,19,0.684,45,0.489,185,0.389,0.565,0.573,6.1,2.0,6.2,0.9,8.3,0.69,0.24,0.62,5.2,112.5,104.9
240,Kyle Guy,Mia,G,24.64,19,9.8,20.4,19.9,15.6,12,0.667,25,0.48,40,0.35,0.508,0.526,3.9,0.9,5.2,0.9,13.6,0.37,0.05,0.68,6.0,99.4,106.6
241,Rui Hachimura,Was,F,24.14,36,21.1,44.0,20.7,8.5,49,0.755,204,0.515,98,0.459,0.571,0.59,10.6,3.6,9.4,1.0,7.6,0.58,0.19,0.83,6.4,111.5,111.0
242,Tyrese Haliburton,Sac,G,22.09,51,34.4,71.8,18.2,15.4,104,0.837,334,0.491,252,0.413,0.546,0.575,14.3,3.9,6.1,7.4,31.3,1.69,0.67,2.25,8.7,116.9,114.4
243,Tyrese Haliburton,Ind,G,22.09,21,36.2,75.3,20.3,19.7,63,0.825,145,0.545,116,0.397,0.567,0.603,16.6,4.2,6.4,9.8,39.5,1.9,0.57,3.38,9.7,119.0,113.8
244,Tyler Hall,Nyk,G,25.02,1,1.9,4.0,0.0,,0,0.0,0,0.0,0,0.0,,,0.0,0.0,0.0,0.0,0.0,0.0,0.0,0.0,0.0,,
245,R.J. Hampton,Orl,G,21.15,59,21.2,44.1,17.9,14.7,104,0.625,232,0.405,164,0.36,0.461,0.487,7.3,2.9,7.3,2.3,16.4,0.68,0.22,1.29,6.9,95.1,108.6
246,Tim Hardaway Jr.,Dal,G-F,30.04,42,29.6,61.8,22.0,5.6,103,0.757,226,0.473,304,0.336,0.491,0.52,14.2,3.7,6.9,2.2,11.5,0.9,0.14,0.81,6.6,106.8,106.4
247,James Harden,Bro,G,32.6,44,37.0,77.1,28.4,19.8,350,0.869,399,0.476,307,0.332,0.486,0.576,22.5,8.0,11.8,10.2,39.8,1.27,0.7,4.82,13.2,111.8,108.2
248,James Harden,Phi,G,32.6,16,37.7,78.5,25.8,14.8,158,0.886,117,0.479,108,0.343,0.496,0.616,22.7,7.5,11.1,9.6,39.2,1.44,0.31,3.19,12.5,123.9,105.1
249,Maurice Harkless,Sac,F-G,28.89,47,18.4,38.3,11.1,13.8,28,0.714,80,0.65,101,0.307,0.544,0.561,4.6,2.4,7.0,0.5,3.6,0.62,0.51,0.66,3.8,101.4,109.4
250,Jared Harper,Nor,G,24.55,2,5.3,10.9,32.8,12.5,0,0.0,5,0.4,2,0.5,0.5,0.5,3.5,0.5,5.2,1.5,52.3,0.0,0.5,0.5,10.4,110.1,100.4
251,Montrezl Harrell,Was,F-C,28.18,46,24.3,50.6,20.8,9.6,205,0.727,368,0.66,15,0.267,0.65,0.684,14.1,6.7,15.2,2.1,14.0,0.39,0.67,1.09,9.6,135.3,108.0
252,Montrezl Harrell,Cha,F-C,28.18,21,21.1,43.9,19.4,8.4,88,0.693,144,0.632,2,0.0,0.623,0.658,11.6,5.2,13.0,1.9,13.1,0.43,0.43,0.81,9.2,135.8,108.0
253,Gary Harris,Orl,G,27.55,61,28.4,59.1,16.4,9.3,95,0.874,251,0.494,302,0.384,0.539,0.571,11.1,2.0,3.7,1.8,9.5,0.97,0.15,1.0,4.8,110.5,111.7
254,Joe Harris,Bro,G-F,30.57,14,30.2,62.9,14.5,11.2,6,0.833,36,0.417,88,0.466,0.617,0.624,11.3,4.0,7.2,1.0,4.5,0.5,0.14,1.14,4.7,112.0,110.5
255,Shaquille Harrison,Bro,G,28.49,2,11.3,23.5,15.3,25.0,0,0.0,4,0.5,2,0.0,0.333,0.333,2.0,2.0,9.7,1.5,17.0,0.5,0.5,1.0,6.4,75.6,101.8
256,Tobias Harris,Phi,F,29.71,67,35.0,72.9,21.9,9.0,192,0.844,706,0.53,247,0.356,0.531,0.566,17.5,6.9,11.0,3.5,16.2,0.58,0.61,1.54,8.6,113.4,107.4
257,Isaiah Hartenstein,Lac,C-F,23.91,63,17.4,36.2,18.5,16.5,121,0.669,313,0.649,17,0.353,0.642,0.659,8.0,4.7,14.0,2.2,20.1,0.76,1.14,1.21,10.0,126.1,96.8
258,Josh Hart,Nor,G,27.07,41,33.5,69.8,16.7,15.1,154,0.753,256,0.598,130,0.323,0.56,0.604,13.4,7.8,12.8,4.1,17.7,1.1,0.27,1.98,9.0,117.9,104.9
259,Josh Hart,Por,G,27.07,13,32.1,66.8,25.0,13.7,57,0.772,100,0.61,83,0.373,0.587,0.622,19.9,5.4,9.2,4.3,22.9,1.23,0.15,2.54,9.6,116.8,111.3
260,Udonis Haslem,Mia,F,41.81,11,5.6,11.6,22.0,13.2,3,1.0,22,0.545,3,0.333,0.54,0.57,2.7,1.7,17.5,0.3,8.1,0.09,0.09,0.36,7.9,106.9,89.2
261,Sam Hauser,Bos,F,24.31,22,5.3,11.1,14.7,5.1,0,0.0,4,0.5,33,0.455,0.662,0.662,2.2,0.9,9.2,0.2,5.0,0.05,0.09,0.09,5.5,129.4,105.5
262,Jaxson Hayes,Nor,C-F,21.86,64,19.6,40.9,16.1,10.8,171,0.772,299,0.676,45,0.356,0.657,0.696,9.1,4.4,12.4,0.6,4.6,0.44,0.83,0.8,5.9,133.5,103.4
263,Killian Hayes,Det,G,20.68,61,24.9,51.8,15.2,19.8,68,0.765,256,0.441,144,0.264,0.425,0.456,6.4,3.2,7.0,4.2,24.4,1.13,0.52,1.74,7.1,95.8,105.5
264,Gordon Hayward,Cha,F,32.03,48,32.2,67.1,20.8,10.6,149,0.846,393,0.499,218,0.39,0.529,0.571,16.1,4.6,7.5,3.6,16.1,0.96,0.46,1.67,8.0,113.4,112.3
265,Aaron Henry,Phi,F,22.59,6,2.8,5.9,18.6,28.6,0,0.0,4,0.25,1,0.0,0.2,0.2,0.3,0.2,3.3,0.0,0.0,0.0,0.33,0.33,0.0,,
266,Juancho Hernangomez,Bos,F,26.51,18,5.3,11.1,17.0,16.2,9,0.667,9,0.222,18,0.167,0.241,0.307,1.1,1.4,14.1,0.2,4.0,0.22,0.11,0.33,5.1,75.0,101.0
267,Juancho Hernangomez,San,F,26.51,5,10.1,21.1,8.1,20.5,4,0.75,3,0.667,3,0.0,0.333,0.451,1.4,3.0,15.5,0.6,6.9,0.2,0.2,0.4,5.4,105.8,115.0
268,Juancho Hernangomez,Uta,F,26.51,13,16.9,35.3,12.5,11.1,14,0.429,12,0.667,38,0.421,0.64,0.623,5.4,3.3,10.7,0.8,6.8,0.46,0.54,0.54,5.7,121.9,106.0
269,Willy Hernangomez,Nor,C-F,27.85,45,16.3,34.0,22.6,12.2,123,0.756,274,0.54,11,0.364,0.54,0.591,8.9,6.5,21.9,1.2,11.6,0.42,0.4,1.04,10.1,122.3,100.9
270,Tyler Herro,Mia,G,22.2,62,32.6,67.8,28.8,12.1,205,0.873,645,0.479,415,0.388,0.519,0.556,20.6,4.9,8.5,3.9,20.6,0.68,0.13,2.56,9.0,106.6,108.4
271,Buddy Hield,Sac,G,29.29,55,28.6,59.6,22.4,10.9,92,0.87,198,0.419,495,0.368,0.514,0.54,14.4,4.0,7.6,1.9,9.9,0.87,0.27,1.64,6.7,103.3,111.6
272,Buddy Hield,Ind,G,29.29,21,35.9,74.8,22.1,12.1,31,0.871,155,0.542,173,0.376,0.553,0.571,18.6,4.9,7.5,4.8,20.5,0.95,0.38,2.24,8.5,112.0,112.4
273,Haywood Highsmith,Mia,F,25.31,16,7.3,15.2,11.4,6.7,4,0.5,9,0.222,17,0.412,0.481,0.486,1.7,1.3,10.2,0.1,2.3,0.06,0.13,0.13,3.3,107.2,104.5
274,George Hill,Mil,G,35.91,49,23.8,49.6,11.6,11.7,56,0.911,128,0.555,127,0.315,0.514,0.56,6.4,2.9,6.5,2.2,12.3,0.78,0.12,0.76,5.8,118.9,109.8
275,Malcolm Hill,Atl,F,26.43,3,15.3,31.9,9.3,0.0,4,1.0,3,0.667,5,0.6,0.813,0.871,5.7,2.0,7.2,0.3,2.9,1.33,0.33,0.0,3.9,183.6,99.2
276,Malcolm Hill,Chi,F,26.43,14,10.8,22.5,13.8,4.2,10,0.7,12,0.667,29,0.345,0.561,0.584,3.8,1.9,9.6,0.3,3.5,0.14,0.14,0.14,4.8,124.2,107.3
277,Solomon Hill,Atl,F,31.04,13,10.7,22.3,6.6,4.8,0,0.0,7,0.143,13,0.154,0.2,0.2,0.6,1.8,9.0,0.9,10.2,0.31,0.15,0.08,3.7,87.7,106.0
278,Nate Hinton,Ind,G-F,22.81,2,1.2,2.5,35.7,50.0,0,0.0,1,0.0,0,0.0,0.0,0.0,0.0,0.0,0.0,0.0,0.0,0.0,0.0,0.5,0.0,,
279,Jaylen Hoard,Okc,F,23.01,1,1.8,3.8,24.0,0.0,0,0.0,1,0.0,0,0.0,0.0,0.0,0.0,2.0,57.0,0.0,0.0,0.0,0.0,0.0,0.0,,
280,Aaron Holiday,Was,G,25.5,41,16.2,33.7,18.0,14.5,35,0.8,147,0.524,67,0.343,0.521,0.547,6.1,1.6,5.6,1.9,17.2,0.59,0.22,0.95,6.5,104.8,108.5
281,Aaron Holiday,Pho,G,25.5,17,17.0,35.5,18.7,16.8,23,0.957,70,0.443,24,0.542,0.537,0.591,7.2,2.6,8.2,3.7,28.8,0.94,0.0,1.24,9.7,120.2,103.0
282,Jrue Holiday,Mil,G,31.8,62,33.4,69.6,23.8,15.2,171,0.766,603,0.546,297,0.411,0.569,0.592,18.6,4.6,7.2,6.7,31.4,1.66,0.42,2.82,9.9,116.7,107.9
283,Justin Holiday,Ind,F-G,32.99,49,28.9,60.2,15.9,9.3,41,0.829,122,0.516,336,0.378,0.553,0.568,11.0,2.8,5.3,1.8,8.9,0.73,0.37,1.0,5.3,111.3,113.2
284,Justin Holiday,Sac,F-G,32.99,20,26.7,55.7,16.2,9.4,21,0.762,47,0.404,127,0.299,0.437,0.458,8.4,2.3,4.7,1.5,7.4,0.75,0.75,0.95,4.6,93.5,112.6
285,Richaun Holmes,Sac,F,28.46,45,23.9,49.7,15.8,14.2,90,0.778,295,0.664,5,0.4,0.663,0.689,10.4,7.0,16.0,1.1,6.8,0.38,0.93,1.24,7.2,128.2,104.7
286,Rodney Hood,Mil,G-F,29.44,39,14.9,31.1,10.6,4.9,14,0.929,51,0.431,80,0.3,0.443,0.47,3.3,1.7,6.1,0.8,6.6,0.31,0.1,0.18,4.4,107.1,111.3
287,Rodney Hood,Lac,G-F,29.44,9,8.9,18.6,13.3,12.3,3,0.667,13,0.385,7,0.429,0.475,0.492,2.3,0.8,4.6,0.6,8.6,0.22,0.22,0.33,4.6,98.9,114.7
288,Scotty Hopson,Okc,G-F,32.65,1,17.7,36.9,14.6,33.3,0,0.0,3,0.667,1,0.0,0.5,0.5,4.0,1.0,2.9,1.0,8.3,0.0,0.0,2.0,3.6,69.5,114.4
289,Al Horford,Bos,C-F,35.83,65,29.0,60.5,15.0,9.7,94,0.84,284,0.567,253,0.32,0.526,0.557,9.9,7.6,14.2,3.3,16.3,0.71,1.35,0.95,8.7,121.4,101.5
290,Talen Horton-Tucker,Lal,G,21.35,55,25.2,52.5,18.6,13.0,102,0.775,309,0.492,166,0.271,0.462,0.498,9.4,3.2,6.7,2.6,14.5,0.93,0.51,1.42,6.8,100.3,107.2
291,Danuel House Jr.,Hou,F-G,28.82,16,14.5,30.3,18.3,17.9,19,0.895,40,0.375,34,0.294,0.405,0.467,4.8,2.7,10.1,1.2,11.6,0.31,0.31,1.13,6.9,89.0,112.3
292,Danuel House Jr.,Nyk,F-G,28.82,1,3.4,7.1,12.9,0.0,0,0.0,0,0.0,1,0.0,0.0,0.0,0.0,0.0,0.0,0.0,0.0,0.0,0.0,0.0,0.0,,
293,Danuel House Jr.,Uta,F-G,28.82,20,18.3,38.2,12.8,6.5,26,0.692,30,0.533,59,0.441,0.618,0.637,6.4,2.6,7.8,1.2,8.6,0.55,0.4,0.35,5.9,133.2,107.0
294,Dwight Howard,Lal,C-F,36.31,55,15.6,32.5,14.5,14.9,122,0.639,180,0.606,11,0.636,0.626,0.648,5.8,5.8,19.8,0.5,4.9,0.56,0.6,0.78,6.6,128.3,100.1
295,Markus Howard,Den,G,23.08,29,5.1,10.7,27.9,6.3,15,0.867,22,0.227,60,0.433,0.537,0.57,3.5,0.3,3.4,0.2,6.2,0.28,0.0,0.21,4.7,106.9,107.8
296,Kevin Huerter,Atl,G-F,23.6,69,29.5,61.6,17.5,10.6,50,0.8,329,0.529,380,0.392,0.561,0.571,12.1,3.4,6.3,2.7,13.1,0.72,0.36,1.26,6.5,111.4,110.4
297,Jay Huff,Lal,C,24.6,4,5.1,10.6,8.5,25.0,0,0.0,1,0.0,2,0.0,0.0,0.0,0.0,1.0,10.5,0.3,5.8,0.25,0.25,0.25,0.0,34.2,110.6
298,Elijah Hughes,Uta,G,24.06,14,8.0,16.7,17.3,15.8,3,1.0,8,0.625,28,0.357,0.556,0.576,3.1,1.2,8.3,0.4,7.5,0.29,0.07,0.5,5.7,104.7,107.3
299,Elijah Hughes,Por,G,24.06,17,14.6,30.4,16.0,6.5,4,0.5,32,0.406,52,0.231,0.369,0.373,3.8,1.9,7.3,0.8,7.4,0.41,0.29,0.35,4.9,82.1,109.9
300,De'Andre Hunter,Atl,F-G,24.33,48,29.8,62.0,19.7,9.6,146,0.76,337,0.487,181,0.37,0.511,0.55,13.3,3.2,5.9,1.3,6.2,0.73,0.4,1.29,5.1,105.8,109.2
301,Chandler Hutchison,Pho,F-G,25.93,6,3.7,7.8,13.3,58.1,2,1.0,2,0.5,0,0.0,0.5,0.694,0.7,0.8,12.0,0.3,10.4,0.0,0.0,0.67,6.0,,
302,Bones Hyland,Den,G,21.54,64,18.6,38.8,23.9,12.2,113,0.841,197,0.447,321,0.377,0.52,0.558,9.9,2.8,8.2,2.5,20.0,0.58,0.25,1.23,8.8,108.4,102.2
303,Serge Ibaka,Lac,F,32.54,35,15.4,32.1,19.4,13.9,29,0.69,130,0.538,62,0.387,0.552,0.567,6.6,4.3,14.6,1.0,10.3,0.2,0.74,0.94,7.9,108.8,101.8
304,Serge Ibaka,Mil,F,32.54,17,17.7,36.8,15.0,7.6,15,0.8,57,0.596,34,0.353,0.571,0.594,6.8,5.1,15.1,0.6,4.7,0.24,0.41,0.47,6.2,121.0,99.4
305,Andre Iguodala,Gol,G-F,38.17,28,19.6,40.9,11.2,18.3,18,0.778,42,0.643,66,0.242,0.472,0.5,4.1,3.3,9.1,3.6,24.4,0.86,0.75,0.93,7.5,116.3,105.1
306,Joe Ingles,Uta,F-G,34.5,45,24.9,51.9,13.3,13.5,22,0.773,60,0.617,225,0.347,0.54,0.551,7.2,2.9,6.4,3.5,19.0,0.51,0.11,1.02,6.7,117.0,107.9
307,Brandon Ingram,Nor,F,24.58,52,34.0,70.7,29.5,11.4,297,0.818,721,0.503,219,0.329,0.501,0.553,22.8,5.7,9.3,5.5,27.9,0.63,0.44,2.65,10.5,111.2,109.6
308,Kyrie Irving,Bro,G,30.02,24,36.9,76.8,29.3,9.8,113,0.912,308,0.506,184,0.418,0.552,0.596,26.9,4.2,6.2,5.6,25.2,1.33,0.67,2.46,9.3,117.2,110.0
309,Wes Iwundu,Atl,F,27.28,3,27.4,57.1,11.0,4.8,4,0.75,13,0.385,5,0.6,0.528,0.557,7.3,4.3,8.7,0.0,0.0,0.33,0.0,0.33,0.0,115.1,109.0
310,Jaren Jackson Jr.,Mem,F-C,22.54,75,27.2,56.7,25.4,10.0,326,0.819,611,0.48,385,0.319,0.479,0.536,16.3,5.8,11.1,1.1,5.8,0.93,2.27,1.68,6.9,108.4,99.0
311,Frank Jackson,Det,G,23.91,48,21.7,45.1,20.8,7.1,83,0.807,180,0.533,252,0.31,0.493,0.526,10.3,1.5,3.9,1.0,7.2,0.52,0.19,0.75,4.6,104.2,112.3
312,Isaiah Jackson,Ind,F,20.22,31,13.4,27.8,23.6,13.6,72,0.653,152,0.572,13,0.308,0.564,0.592,7.5,4.1,17.2,0.3,3.4,0.52,1.32,1.0,6.3,112.3,97.0
313,Josh Jackson,Det,G-F,25.14,39,18.1,37.8,19.0,12.1,56,0.714,138,0.529,113,0.265,0.47,0.501,7.1,3.2,9.4,1.3,10.7,0.54,0.46,0.97,6.8,97.7,106.4
314,Josh Jackson,Sac,G-F,25.14,7,4.4,9.1,26.3,16.0,4,0.75,7,0.429,7,0.0,0.214,0.286,1.3,0.4,5.3,0.3,8.8,0.29,0.14,0.43,4.9,57.1,92.9
315,Justin Jackson,Bos,F,27.01,1,2.0,4.2,41.5,0.0,2,1.0,1,0.0,0,0.0,0.0,0.532,2.0,0.0,0.0,0.0,0.0,0.0,0.0,0.0,0.0,,
316,Justin Jackson,Pho,F,27.01,6,5.8,12.0,18.8,6.7,0,0.0,5,0.4,9,0.333,0.464,0.464,2.2,1.2,10.9,0.3,7.6,0.0,0.0,0.17,6.4,96.5,103.0
317,Reggie Jackson,Lac,G,31.96,72,31.3,65.1,27.8,11.6,161,0.845,688,0.439,495,0.333,0.464,0.492,17.2,3.7,6.1,4.8,25.0,0.72,0.18,2.29,8.6,99.3,108.8
318,LeBron James,Lal,F,37.25,55,37.2,77.5,32.3,12.4,324,0.756,758,0.619,440,0.359,0.589,0.618,30.1,8.2,11.8,6.3,30.8,1.31,1.07,3.45,12.5,116.9,109.3
319,DeJon Jarreau,Ind,G,24.19,1,0.9,1.9,0.0,,0,0.0,0,0.0,0,0.0,,,0.0,0.0,0.0,0.0,0.0,0.0,0.0,0.0,0.0,,
320,DaQuan Jeffries,Mem,G-F,24.59,3,2.9,6.1,9.3,0.0,0,0.0,1,1.0,1,0.0,0.5,0.5,0.7,0.7,11.8,0.3,14.4,0.0,0.0,0.0,7.3,,
321,Ty Jerome,Okc,G-F,24.73,48,16.7,34.8,20.8,9.6,47,0.809,142,0.493,186,0.29,0.46,0.488,7.1,1.6,5.0,2.3,21.4,0.63,0.1,0.77,7.1,103.4,107.8
322,Isaiah Joe,Phi,G,22.75,52,10.9,22.7,15.1,8.4,26,0.923,38,0.421,124,0.323,0.469,0.507,3.4,1.0,4.9,0.6,8.2,0.23,0.06,0.31,4.7,102.4,108.3
323,Alize Johnson,Chi,F,25.94,16,7.5,15.7,12.5,23.5,7,0.571,21,0.571,2,0.0,0.522,0.537,1.8,2.3,16.7,0.5,8.6,0.19,0.0,0.5,6.8,112.7,102.4
324,Alize Johnson,Was,F,25.94,3,6.1,12.6,23.1,31.8,1,0.0,4,0.5,2,0.0,0.333,0.311,1.3,4.0,36.3,0.0,0.0,0.0,0.0,1.0,0.0,73.8,112.1
325,Alize Johnson,Nor,F,25.94,4,7.1,14.8,19.3,7.8,4,0.75,10,0.3,0,0.0,0.3,0.383,2.3,3.3,25.1,0.3,4.8,0.5,0.0,0.25,7.4,106.4,99.8
326,BJ Johnson,Orl,F,26.28,4,16.2,33.6,16.7,0.0,0,0.0,15,0.467,10,0.4,0.52,0.52,6.5,3.8,12.3,0.0,0.0,0.0,0.25,0.0,0.0,113.4,111.5
327,Cameron Johnson,Pho,F,26.08,60,26.3,54.8,17.3,5.9,102,0.873,194,0.526,355,0.448,0.62,0.648,12.8,4.1,8.4,1.5,7.6,0.83,0.23,0.62,6.5,127.2,104.7
328,David Johnson,Tor,G,21.09,2,1.0,2.1,21.4,0.0,0,0.0,0,0.0,1,0.0,0.0,0.0,0.0,0.0,0.0,0.0,0.0,0.0,0.0,0.0,0.0,,
329,James Johnson,Bro,F,35.11,61,19.0,39.6,13.8,12.4,53,0.528,220,0.545,83,0.277,0.51,0.516,5.5,3.4,9.7,2.1,14.7,0.49,0.56,0.75,7.2,109.9,102.4
330,Jalen Johnson,Atl,F,20.29,19,5.9,12.2,20.1,17.6,7,0.714,27,0.704,12,0.25,0.603,0.618,2.7,1.3,12.3,0.2,4.1,0.16,0.11,0.47,6.0,100.6,107.5
331,Joe Johnson,Bos,G-F,40.76,1,2.0,4.2,22.1,0.0,0,0.0,1,1.0,0,0.0,1.0,1.0,2.0,0.0,0.0,0.0,0.0,0.0,0.0,0.0,0.0,,
332,Keldon Johnson,San,F-G,22.47,70,31.8,66.3,21.0,7.8,207,0.754,572,0.507,360,0.397,0.541,0.569,16.6,6.1,10.1,2.0,8.9,0.76,0.17,1.24,7.4,112.7,110.3
333,Keon Johnson,Lac,G,20.06,15,9.0,18.7,22.0,10.4,21,0.762,40,0.35,11,0.273,0.363,0.44,3.5,1.4,8.2,0.9,13.9,0.47,0.13,0.47,7.3,95.5,96.9
334,Keon Johnson,Por,G,20.06,16,23.7,49.3,20.1,14.7,22,0.818,86,0.337,55,0.345,0.408,0.441,8.3,2.8,6.3,1.9,11.6,0.88,0.38,1.63,6.0,89.2,111.4
335,Stanley Johnson,Lal,F-G,25.84,42,22.1,46.1,11.8,9.0,48,0.75,125,0.576,86,0.337,0.547,0.575,6.4,3.0,7.3,1.7,10.2,0.9,0.33,0.55,5.8,119.9,106.2
336,Tyler Johnson,Phi,G,29.9,3,12.7,26.5,13.0,9.1,0,0.0,3,0.333,7,0.429,0.55,0.55,3.7,2.0,8.7,0.7,7.5,0.33,0.33,0.33,5.4,109.0,103.1
337,Tyler Johnson,San,G,29.9,3,17.7,36.9,8.7,9.1,0,0.0,4,0.0,6,0.333,0.3,0.3,2.0,2.0,5.9,1.7,10.9,0.67,0.67,0.33,4.3,88.7,112.1
338,Nikola Jokic,Den,C,27.11,70,33.2,69.2,31.5,15.9,437,0.812,934,0.649,275,0.345,0.619,0.661,26.5,13.5,22.8,8.0,43.3,1.41,0.87,3.77,17.1,126.5,100.9
339,Derrick Jones Jr.,Chi,F,25.12,46,17.5,36.5,12.3,11.1,61,0.787,123,0.634,50,0.32,0.59,0.631,5.5,3.4,10.8,0.5,4.1,0.48,0.67,0.54,4.8,126.3,103.5
340,Carlik Jones,Dal,G,24.27,3,6.4,13.3,25.5,27.6,2,1.0,6,0.0,1,0.0,0.0,0.127,0.7,1.0,8.6,1.7,32.0,0.33,0.0,1.0,6.6,51.8,112.0
341,Carlik Jones,Den,G,24.27,2,2.0,4.2,22.0,0.0,0,0.0,2,0.5,0,0.0,0.5,0.5,1.0,0.0,0.0,0.0,0.0,0.0,0.0,0.0,0.0,,
342,Damian Jones,Sac,C,26.75,51,16.9,35.3,15.7,15.8,103,0.709,197,0.685,24,0.333,0.665,0.689,7.2,4.1,13.1,1.2,10.1,0.43,0.75,0.98,7.8,127.7,103.9
343,Herbert Jones,Nor,F,23.49,73,30.0,62.5,13.8,13.8,148,0.845,388,0.531,154,0.344,0.527,0.573,9.5,3.8,7.0,2.2,10.2,1.67,0.75,1.33,5.7,113.7,104.3
344,Jemerrio Jones,Lal,F,26.98,2,7.4,15.3,8.8,0.0,0,0.0,3,0.667,0,0.0,0.667,0.667,2.0,1.5,10.9,0.0,0.0,0.5,0.0,0.0,0.0,156.2,102.5
345,Kai Jones,Cha,C-F,21.2,19,3.0,6.3,16.6,26.6,8,0.375,11,0.636,2,0.5,0.654,0.605,1.1,0.6,10.1,0.2,9.4,0.05,0.0,0.32,6.8,,
346,Mason Jones,Lal,G,23.7,2,4.4,9.2,48.4,10.1,2,0.5,6,0.333,2,0.0,0.25,0.282,2.5,1.0,12.1,0.0,0.0,0.5,0.0,0.5,0.0,60.3,101.0
347,Tre Jones,San,G,22.23,63,15.3,31.9,15.2,11.7,71,0.789,238,0.546,39,0.128,0.496,0.537,5.3,2.1,7.1,3.0,25.4,0.54,0.1,0.65,8.4,118.0,110.2
348,Tyus Jones,Mem,G,25.89,70,21.0,43.8,16.6,7.2,66,0.818,327,0.495,197,0.381,0.524,0.545,8.6,2.4,6.0,4.4,28.0,0.91,0.03,0.61,8.6,125.4,111.8
349,DeAndre Jordan,Lal,C,33.69,32,12.8,26.6,12.8,17.3,26,0.462,89,0.674,0,0.0,0.674,0.657,4.1,5.4,22.5,0.4,4.5,0.31,0.81,0.66,6.5,125.1,99.6
350,DeAndre Jordan,Phi,C,33.69,12,13.5,28.1,15.7,23.1,12,0.833,38,0.474,0,0.0,0.474,0.531,3.8,5.5,22.7,0.4,4.4,0.17,0.5,1.08,6.0,108.6,101.9
351,Cory Joseph,Det,G,30.61,65,24.6,51.3,14.3,15.9,113,0.885,243,0.465,157,0.414,0.526,0.579,8.0,2.7,5.9,3.6,21.8,0.65,0.26,1.31,6.9,115.2,109.4
352,Georgios Kalaitzakis,Mil,F,23.24,9,5.3,11.1,17.0,21.1,9,0.444,7,0.429,4,0.5,0.545,0.535,1.8,0.9,8.8,0.0,0.0,0.11,0.11,0.44,0.0,94.0,98.4
353,Frank Kaminsky,Pho,F-C,28.99,9,20.1,41.9,19.0,6.3,20,0.9,51,0.608,15,0.333,0.583,0.635,10.6,4.6,12.2,1.4,10.1,0.89,0.78,0.56,8.1,131.0,101.5
354,Luke Kennard,Lac,G,25.77,66,27.5,57.3,16.4,8.3,70,0.9,197,0.437,394,0.449,0.595,0.616,11.6,3.3,6.3,2.0,10.9,0.58,0.09,0.85,6.2,118.4,110.1
355,Braxton Key,Phi,F,25.13,2,3.2,6.7,28.2,50.0,0,0.0,1,1.0,1,0.0,0.5,0.5,1.0,1.0,17.4,0.5,24.0,0.5,0.0,1.0,9.9,,
356,George King,Dal,F-G,28.21,4,4.8,10.0,16.1,14.5,2,0.5,1,0.0,4,0.0,0.0,0.085,0.3,1.3,14.4,0.0,0.0,0.0,0.0,0.25,0.0,16.7,87.3
357,Louis King,Sac,F,22.99,10,10.4,21.6,21.2,0.0,10,0.7,20,0.35,27,0.296,0.404,0.438,4.5,1.2,6.3,0.9,12.5,0.2,0.1,0.0,6.5,100.0,105.4
358,Corey Kispert,Was,F,23.08,71,22.8,47.5,14.7,8.4,58,0.862,177,0.616,287,0.345,0.555,0.577,8.0,2.6,6.2,1.0,6.5,0.42,0.31,0.63,4.8,113.6,114.3
359,Maxi Kleber,Dal,F,30.17,58,24.6,51.1,13.4,10.9,65,0.708,99,0.586,250,0.324,0.514,0.536,7.0,5.9,13.4,1.2,6.7,0.5,0.98,0.79,6.0,110.1,100.6
360,Brandon Knight,Dal,G,30.33,4,15.4,32.0,23.1,12.7,8,1.0,8,0.75,16,0.25,0.5,0.581,8.0,1.8,6.3,2.0,20.0,0.25,0.0,1.0,8.0,113.1,104.8
361,Nathan Knight,Min,F-C,24.53,36,7.0,14.5,19.6,14.4,57,0.737,66,0.53,10,0.3,0.52,0.599,3.4,2.1,16.3,0.5,10.7,0.19,0.22,0.47,8.7,121.5,98.2
362,Kevin Knox II,Nyk,F,22.64,13,8.5,17.8,19.5,10.1,10,0.7,12,0.417,28,0.357,0.5,0.529,3.6,1.7,10.6,0.2,4.2,0.15,0.08,0.38,5.0,107.3,110.6
363,Kevin Knox II,Atl,F,22.64,15,7.2,15.0,19.6,4.1,10,0.8,19,0.579,23,0.217,0.44,0.485,3.0,1.3,10.1,0.5,9.1,0.13,0.07,0.13,6.9,108.6,105.6
364,John Konchar,Mem,G,26.03,67,17.7,36.9,9.7,9.3,44,0.568,119,0.605,116,0.405,0.606,0.609,4.6,4.5,13.2,1.4,9.8,0.64,0.31,0.39,6.9,131.4,104.6
365,Furkan Korkmaz,Phi,G-F,24.69,62,21.9,45.7,17.6,8.6,78,0.795,197,0.523,255,0.298,0.48,0.51,8.0,2.8,7.0,2.0,13.3,0.52,0.11,0.74,6.5,104.6,111.1
366,Luke Kornet,Cle,F-C,26.71,2,7.5,15.5,18.7,0.0,3,0.667,4,0.25,1,0.0,0.2,0.316,2.0,1.5,11.1,0.5,8.9,0.0,0.5,0.0,6.1,96.8,108.9
367,Luke Kornet,Mil,F-C,26.71,1,3.0,6.3,14.3,0.0,0,0.0,1,0.0,0,0.0,0.0,0.0,0.0,1.0,17.6,0.0,0.0,0.0,0.0,0.0,0.0,,
368,Luke Kornet,Bos,F-C,26.71,8,5.2,10.8,12.2,0.0,1,0.0,9,0.556,2,0.0,0.455,0.437,1.3,1.4,14.3,0.4,10.2,0.25,0.0,0.0,6.9,120.9,101.4
369,Vit Krejci,Okc,G,21.78,24,19.7,41.1,11.5,14.3,15,0.933,33,0.485,68,0.397,0.559,0.59,5.3,2.9,7.6,1.5,10.5,0.58,0.21,0.75,5.8,114.5,106.4
370,Arnoldas Kulboka,Cha,F,24.24,1,2.7,5.6,0.0,,0,0.0,0,0.0,0,0.0,,,0.0,0.0,0.0,0.0,0.0,0.0,0.0,0.0,0.0,,
371,Jonathan Kuminga,Gol,F,19.49,65,16.8,35.0,23.0,12.2,176,0.682,287,0.599,140,0.307,0.554,0.588,9.1,3.3,10.7,0.9,8.0,0.4,0.31,1.08,7.1,109.8,98.4
372,Kyle Kuzma,Was,F,26.69,66,33.4,69.6,24.2,14.0,219,0.712,561,0.526,375,0.341,0.52,0.547,17.1,8.5,14.0,3.5,16.5,0.64,0.86,2.55,9.6,103.3,109.2
373,Anthony Lamb,San,F,24.2,2,3.9,8.0,10.9,0.0,0,0.0,0,0.0,2,0.0,0.0,0.0,0.0,0.5,6.8,1.0,28.9,0.0,0.0,0.0,0.0,,
374,Jeremy Lamb,Ind,G-F,29.84,39,15.7,32.8,20.1,8.4,80,0.838,111,0.414,117,0.333,0.458,0.524,7.1,2.4,8.5,1.3,11.7,0.59,0.36,0.62,7.2,110.4,111.4
375,Jeremy Lamb,Sac,G-F,29.84,12,19.3,40.2,19.7,6.6,19,0.789,53,0.453,38,0.316,0.462,0.498,8.3,4.1,11.5,1.7,12.6,0.33,0.58,0.58,8.0,107.6,113.9
376,Jock Landale,San,C,26.43,50,10.7,22.3,18.3,12.4,34,0.853,108,0.639,81,0.321,0.571,0.601,4.9,2.4,11.8,0.9,11.1,0.2,0.26,0.58,8.2,120.2,108.1
377,Romeo Langford,Bos,G-F,22.43,44,16.6,34.5,13.0,7.4,34,0.588,101,0.495,83,0.349,0.508,0.52,4.7,2.4,7.7,0.4,3.6,0.48,0.36,0.36,4.0,108.0,104.9
378,Romeo Langford,San,G-F,22.43,1,16.1,33.5,15.1,0.0,4,0.25,3,1.0,1,0.0,0.75,0.608,7.0,1.0,3.3,0.0,0.0,0.0,0.0,0.0,0.0,113.5,120.9
379,Zach LaVine,Chi,G-F,27.06,64,34.9,72.8,29.0,11.4,363,0.848,687,0.531,454,0.392,0.554,0.604,24.6,4.7,7.5,4.5,20.7,0.63,0.34,2.61,9.2,114.5,112.1
380,Jake Layman,Min,F,28.07,33,6.5,13.5,16.8,11.6,14,0.714,36,0.556,34,0.206,0.436,0.466,2.2,1.0,8.2,0.3,5.7,0.18,0.15,0.3,5.4,92.9,110.7
381,Damion Lee,Gol,G-F,29.44,59,20.0,41.7,15.7,8.5,70,0.871,178,0.539,181,0.343,0.526,0.563,7.4,3.2,8.7,1.0,7.0,0.63,0.08,0.61,5.7,111.3,103.3
382,Saben Lee,Det,G,22.77,34,15.3,31.8,17.0,13.2,53,0.792,103,0.456,52,0.25,0.429,0.491,5.1,2.2,7.9,2.4,23.7,0.94,0.32,0.79,7.8,106.2,108.6
383,Alex Len,Sac,C,28.79,38,16.2,33.8,17.1,17.5,63,0.651,154,0.571,21,0.286,0.554,0.58,6.2,4.2,14.1,1.2,10.6,0.34,0.66,1.13,7.8,110.6,100.8
384,Caris LeVert,Ind,G,27.6,39,31.1,64.8,26.9,9.9,146,0.76,433,0.501,189,0.323,0.496,0.53,18.7,3.8,6.9,4.4,22.9,0.9,0.46,1.92,8.7,108.8,112.4
385,Caris LeVert,Cle,G,27.6,14,28.5,59.4,23.7,11.2,31,0.71,129,0.457,48,0.333,0.469,0.493,13.4,3.4,6.5,3.4,19.0,0.79,0.29,1.71,7.5,100.7,106.6
386,Kira Lewis Jr.,Nor,G,20.99,24,14.2,29.6,22.4,14.7,12,0.833,88,0.523,58,0.224,0.449,0.466,5.9,1.6,6.3,2.0,21.8,0.46,0.04,1.08,7.5,95.4,111.8
387,Scottie Lewis,Cha,G,22.05,2,3.3,6.9,5.7,0.0,2,0.5,0,0.0,0,0.0,,0.568,0.5,0.0,0.0,0.5,17.3,0.5,0.0,0.0,0.0,,
388,Damian Lillard,Por,G,31.71,29,36.4,75.9,29.2,11.6,181,0.878,268,0.485,284,0.324,0.486,0.55,24.0,4.1,6.2,7.3,33.6,0.59,0.38,2.86,9.8,112.9,118.7
389,Nassir Little,Por,F-G,22.13,42,25.9,54.0,15.7,10.1,94,0.734,161,0.584,154,0.331,0.541,0.575,9.8,5.6,11.8,1.3,7.4,0.6,0.86,0.95,6.4,115.8,111.9
390,Isaiah Livers,Det,F,23.68,14,16.9,35.3,12.7,12.8,5,0.8,13,0.538,46,0.391,0.576,0.588,5.1,2.4,7.8,1.0,8.6,0.5,0.36,0.64,5.5,114.2,105.5
391,Kevon Looney,Gol,F,26.15,77,21.6,45.0,12.3,13.8,125,0.6,350,0.571,1,0.0,0.57,0.585,6.2,7.5,18.8,2.0,13.1,0.62,0.68,0.84,8.4,129.5,95.5
392,Brook Lopez,Mil,C,34.0,9,22.5,46.8,19.7,10.7,14,0.786,40,0.5,37,0.324,0.494,0.523,9.7,3.6,8.4,0.7,4.2,0.44,1.11,1.11,5.2,103.8,101.6
393,Robin Lopez,Orl,C,34.0,31,17.2,35.9,19.2,16.9,45,0.556,172,0.57,5,0.4,0.571,0.577,7.3,3.6,11.1,1.5,14.8,0.03,0.55,1.29,7.9,111.3,106.8
394,Didi Louzada,Nor,G,20.0,2,3.5,7.2,18.7,0.0,0,0.0,0,0.0,3,0.0,0.0,0.0,0.0,1.0,16.0,0.5,17.4,0.0,0.0,0.0,0.0,,
395,Kevin Love,Cle,F-C,33.56,69,22.6,47.0,25.0,10.4,188,0.846,267,0.483,439,0.383,0.54,0.584,13.3,7.2,17.5,2.2,15.4,0.35,0.23,1.33,10.5,115.7,103.1
396,Kyle Lowry,Mia,G,36.02,60,34.0,70.8,18.1,19.5,161,0.851,228,0.531,370,0.373,0.548,0.593,13.2,4.5,7.4,7.5,32.2,1.07,0.28,2.7,9.0,116.8,103.6
397,Timothe Luwawu-Cabarrot,Atl,G-F,26.9,48,12.9,26.9,14.4,9.3,35,0.886,58,0.448,112,0.375,0.524,0.564,4.4,1.5,6.5,0.8,7.7,0.35,0.13,0.4,5.4,113.7,107.4
398,Trey Lyles,Det,F,26.4,51,19.4,40.4,22.4,10.5,176,0.784,238,0.55,146,0.301,0.513,0.576,10.4,4.8,13.3,1.1,9.5,0.43,0.51,1.06,7.8,113.9,106.8
399,Trey Lyles,Sac,F,26.4,19,23.3,48.5,17.0,8.5,51,0.863,86,0.547,52,0.404,0.569,0.626,10.6,6.0,14.0,1.4,8.6,0.26,0.32,0.79,7.7,126.7,111.8
400,Theo Maledon,Okc,G,20.8,49,17.2,35.9,19.8,15.5,91,0.791,147,0.449,139,0.288,0.441,0.497,6.6,2.5,7.4,2.0,17.8,0.59,0.18,1.22,7.5,98.1,108.7
401,Sandro Mamukelashvili,Mil,F-C,22.86,37,9.0,18.7,13.4,9.6,14,0.786,46,0.522,42,0.429,0.58,0.6,3.1,1.8,10.4,0.4,6.6,0.19,0.19,0.27,5.8,126.6,108.0
402,Terance Mann,Lac,G-F,25.45,76,28.8,60.0,15.9,9.7,154,0.786,448,0.536,198,0.359,0.536,0.57,10.7,5.4,9.8,2.6,13.0,0.72,0.22,1.01,7.4,117.5,106.2
403,Tre Mann,Okc,G,21.16,60,22.8,47.5,22.0,10.2,82,0.793,316,0.421,272,0.36,0.476,0.501,10.4,2.9,6.4,1.5,10.7,0.78,0.2,1.18,6.3,97.4,108.8
404,Boban Marjanovic,Dal,C,33.63,20,5.4,11.3,33.6,13.6,20,0.55,58,0.621,3,0.333,0.615,0.616,4.3,1.6,15.9,0.1,3.9,0.0,0.15,0.55,6.5,103.1,91.0
405,Lauri Markkanen,Cle,F-C,24.86,56,31.0,64.5,19.4,6.7,142,0.859,300,0.55,347,0.343,0.531,0.57,14.4,5.6,10.0,1.4,6.8,0.8,0.5,0.91,6.2,115.1,105.3
406,Naji Marshall,Nor,F,24.18,49,12.9,26.9,20.8,12.4,77,0.779,137,0.533,97,0.216,0.447,0.502,5.5,2.6,11.2,1.0,11.8,0.63,0.12,0.78,7.5,103.2,104.3
407,Kenyon Martin Jr.,Hou,F,21.23,74,20.9,43.6,16.5,9.6,116,0.629,342,0.611,151,0.371,0.594,0.606,8.9,3.9,10.1,1.3,9.7,0.43,0.49,0.78,6.8,118.9,113.6
408,Caleb Martin,Mia,F,26.51,57,22.7,47.3,16.4,9.9,90,0.767,244,0.57,145,0.414,0.589,0.615,9.2,3.9,9.6,1.1,7.3,0.98,0.46,0.82,6.0,120.7,103.4
409,Cody Martin,Cha,F,26.51,66,26.4,54.9,12.3,11.7,104,0.692,249,0.522,150,0.387,0.544,0.569,7.7,4.0,8.1,2.5,12.3,1.21,0.45,0.89,6.4,118.7,110.6
410,Kelan Martin,Ind,F,26.66,27,16.4,34.3,18.1,7.5,13,0.692,94,0.511,74,0.297,0.482,0.492,6.3,2.0,6.6,0.8,6.8,0.48,0.33,0.52,5.3,101.7,112.2
411,Kelan Martin,Bos,F,26.66,3,1.9,4.0,23.2,0.0,0,0.0,2,0.0,1,0.0,0.0,0.0,0.0,0.7,18.9,0.0,0.0,0.0,0.0,0.0,0.0,,
412,Garrison Mathews,Hou,G,25.43,60,26.2,54.6,14.4,7.1,165,0.8,71,0.592,353,0.357,0.545,0.598,9.9,2.9,6.0,1.0,5.2,0.87,0.33,0.63,4.7,118.9,110.8
413,Dakota Mathias,Mem,G,26.72,6,2.7,5.6,15.2,0.0,0,0.0,0,0.0,6,0.333,0.5,0.5,1.0,0.3,6.4,0.2,7.9,0.17,0.0,0.0,5.8,,
414,Dakota Mathias,Mem,G,26.72,6,2.7,5.6,15.2,0.0,0,0.0,0,0.0,6,0.333,0.5,0.5,1.0,0.3,6.4,0.2,7.9,0.17,0.0,0.0,5.8,,
415,Wesley Matthews,Mil,G,35.46,45,20.3,42.3,10.6,7.0,21,0.714,57,0.509,145,0.338,0.507,0.521,4.9,1.9,5.0,0.7,4.7,0.49,0.16,0.36,3.7,111.0,107.6
416,Tyrese Maxey,Phi,G,21.4,69,35.6,74.2,20.1,7.1,225,0.858,645,0.507,274,0.412,0.54,0.583,17.2,3.3,5.2,4.3,19.1,0.7,0.43,1.13,7.0,119.3,110.1
417,Skylar Mays,Atl,G,24.57,26,8.3,17.3,15.7,12.8,9,0.889,39,0.615,25,0.32,0.563,0.589,3.1,1.0,6.3,0.7,11.0,0.27,0.0,0.38,6.2,112.8,114.7
418,Miles McBride,Nyk,G,21.56,37,9.1,18.9,13.7,4.7,12,0.667,37,0.378,58,0.224,0.353,0.374,2.0,1.1,6.2,1.1,17.0,0.35,0.03,0.14,5.9,96.5,100.8
419,Mac McClung,Chi,G,23.23,1,2.6,5.4,33.9,50.0,0,0.0,1,1.0,0,0.0,1.0,1.0,2.0,0.0,0.0,0.0,0.0,0.0,0.0,1.0,0.0,,
420,CJ McCollum,Por,G,30.53,36,35.2,73.3,26.1,9.2,68,0.706,376,0.476,289,0.384,0.52,0.532,20.5,4.3,6.6,4.5,22.1,0.97,0.58,1.94,8.3,107.6,115.2
421,CJ McCollum,Nor,G,30.53,20,35.3,73.5,29.4,9.3,83,0.699,257,0.568,144,0.389,0.574,0.592,25.9,4.8,7.5,6.4,33.0,1.15,0.05,2.25,10.5,118.5,111.1
422,T.J. McConnell,Ind,G,30.02,24,24.2,50.4,15.9,13.0,15,0.8,156,0.538,25,0.28,0.522,0.536,8.4,3.3,7.7,4.8,28.5,1.04,0.38,1.17,8.4,117.2,111.5
423,Jalen McDaniels,Cha,F-C,24.16,50,16.3,34.0,15.0,11.8,64,0.703,129,0.55,97,0.351,0.54,0.569,5.8,3.1,10.0,1.0,8.0,0.42,0.36,0.68,6.4,111.6,106.0
424,Jaden McDaniels,Min,F,21.5,67,26.1,54.4,15.4,11.3,70,0.8,294,0.582,246,0.313,0.531,0.551,9.4,4.3,8.8,1.1,6.1,0.76,0.78,1.09,5.4,107.9,103.0
425,Doug McDermott,San,F,30.24,51,24.0,50.0,18.3,8.1,51,0.784,209,0.512,256,0.422,0.578,0.593,11.3,2.3,4.9,1.3,7.2,0.27,0.12,0.84,5.4,112.4,112.7
426,JaVale McGee,Pho,C-F,34.2,68,15.5,32.4,23.0,15.3,135,0.711,410,0.646,8,0.25,0.641,0.662,9.3,6.6,22.7,0.6,5.6,0.28,1.1,1.26,8.6,122.2,90.3
427,Cameron McGriff,Por,F,24.51,3,15.3,31.9,14.0,0.0,2,1.0,8,0.375,6,0.333,0.429,0.47,4.7,5.0,17.8,1.0,9.3,0.0,0.33,0.0,7.5,125.2,103.8
428,Rodney McGruder,Det,G,30.67,48,14.2,29.5,14.3,9.3,20,0.7,65,0.477,132,0.386,0.546,0.556,4.8,2.1,7.9,0.9,9.4,0.4,0.1,0.44,5.9,112.9,111.1
429,Alfonzo McKinnie,Chi,F,29.54,17,12.1,25.3,15.3,9.8,8,0.25,34,0.441,27,0.333,0.467,0.457,3.5,1.9,9.0,0.3,3.2,0.12,0.18,0.41,4.2,95.5,105.0
430,JaQuori McLaughlin,Dal,G,24.17,4,2.7,5.7,8.3,0.0,0,0.0,1,0.0,1,0.0,0.0,0.0,0.0,0.0,0.0,0.5,22.6,0.0,0.0,0.0,0.0,,
431,Jordan McLaughlin,Min,G,25.98,57,14.2,29.6,12.0,14.6,37,0.73,110,0.527,73,0.26,0.473,0.502,3.5,1.5,5.7,2.9,26.8,0.93,0.14,0.6,7.0,118.1,110.0
432,Ben McLemore,Por,G,29.13,58,19.5,40.7,21.3,8.2,74,0.824,107,0.505,374,0.358,0.53,0.556,9.8,1.6,4.4,0.8,6.7,0.52,0.17,0.79,4.8,107.0,113.7
433,De'Anthony Melton,Mem,G,23.84,68,22.5,46.8,21.2,12.9,102,0.725,302,0.444,341,0.375,0.507,0.528,10.7,4.5,10.3,2.6,15.8,1.49,0.5,1.5,8.9,107.1,102.8
434,Sam Merrill,Mem,G,25.88,6,9.6,20.1,19.7,7.2,4,0.5,1,1.0,23,0.304,0.479,0.485,4.2,1.2,6.3,0.7,9.0,0.0,0.0,0.33,6.3,103.5,111.1
435,Chimezie Metu,Sac,F-C,25.03,55,20.9,43.6,18.7,11.1,85,0.776,236,0.551,173,0.295,0.505,0.537,8.7,5.4,14.0,1.0,7.2,0.82,0.55,1.02,6.9,102.9,107.8
436,Khris Middleton,Mil,F,30.64,62,32.4,67.5,26.9,14.2,284,0.891,554,0.493,405,0.378,0.524,0.58,20.3,5.5,8.9,5.4,25.6,1.11,0.27,2.9,10.4,113.0,106.0
437,CJ Miles,Bos,G,35.04,1,2.0,4.2,0.0,,0,0.0,0,0.0,0,0.0,,,0.0,0.0,0.0,0.0,0.0,0.0,0.0,0.0,0.0,,
438,Paul Millsap,Bro,F,37.14,24,11.3,23.4,16.5,10.6,17,0.706,58,0.448,27,0.222,0.412,0.443,3.4,3.7,18.0,1.0,11.8,0.21,0.46,0.46,8.2,105.9,95.4
439,Paul Millsap,Phi,F,37.14,9,11.7,24.4,17.5,19.5,7,0.714,22,0.5,8,0.25,0.467,0.499,3.7,2.8,13.2,0.6,6.9,0.56,0.22,0.89,6.3,100.5,93.8
440,Patty Mills,Bro,G,33.64,76,29.1,60.6,16.6,7.7,56,0.821,224,0.429,538,0.401,0.551,0.563,11.7,2.0,3.7,2.3,10.9,0.63,0.22,0.87,5.2,112.4,115.1
441,Shake Milton,Phi,G-F,25.51,49,21.3,44.4,18.4,9.8,60,0.85,243,0.473,116,0.293,0.462,0.497,7.8,2.6,6.9,2.4,17.3,0.49,0.31,0.86,6.9,104.8,106.5
442,Davion Mitchell,Sac,G,23.57,70,26.9,56.0,20.5,10.8,65,0.631,471,0.482,302,0.321,0.482,0.49,11.2,2.3,4.5,3.6,20.3,0.76,0.3,1.39,6.7,101.1,113.2
443,Donovan Mitchell,Uta,G,25.56,64,33.7,70.2,33.2,12.0,295,0.851,681,0.543,631,0.358,0.54,0.579,26.1,4.1,6.7,5.4,28.1,1.48,0.19,3.08,9.9,114.4,106.6
444,Evan Mobley,Cle,C,20.79,67,33.9,70.7,20.3,12.6,241,0.664,715,0.538,91,0.253,0.52,0.548,14.9,8.3,13.4,2.5,11.6,0.81,1.63,1.96,8.0,108.5,104.4
445,Malik Monk,Lal,G,24.15,70,27.8,57.9,19.7,11.3,102,0.784,340,0.568,404,0.391,0.578,0.596,13.4,3.3,6.3,2.7,14.5,0.83,0.37,1.44,7.1,113.1,111.6
446,Greg Monroe,Min,F-C,31.83,3,21.0,43.8,13.4,19.8,5,0.4,14,0.643,0,0.0,0.643,0.617,6.7,7.0,17.7,3.7,24.4,0.67,1.33,1.33,10.6,124.5,100.2
447,Greg Monroe,Was,F-C,31.83,2,8.8,18.3,25.3,20.0,0,0.0,8,0.5,0,0.0,0.5,0.5,4.0,5.0,31.3,0.5,9.4,0.5,0.5,1.0,9.8,114.4,102.1
448,Greg Monroe,Mil,F-C,31.83,5,13.9,29.0,17.8,10.4,9,0.556,22,0.5,0,0.0,0.5,0.52,5.4,4.2,15.9,0.4,4.1,0.6,0.4,0.6,6.0,115.8,102.6
449,Moses Moody,Gol,G,19.84,49,11.9,24.8,15.5,6.3,36,0.778,71,0.549,107,0.346,0.531,0.56,4.4,1.6,7.2,0.4,5.1,0.14,0.2,0.27,4.7,113.1,106.4
450,Matt Mooney,Nyk,G,25.15,1,1.9,4.0,46.1,50.0,0,0.0,0,0.0,1,0.0,0.0,0.0,0.0,0.0,0.0,0.0,0.0,1.0,0.0,1.0,0.0,,
451,Xavier Moon,Lac,G,27.24,6,13.9,29.0,20.2,7.8,3,0.667,24,0.458,10,0.3,0.456,0.467,5.5,1.5,5.7,1.7,18.3,0.83,0.17,0.5,6.9,99.1,109.0
452,Ja Morant,Mem,G,22.64,56,33.3,69.3,33.8,12.5,408,0.762,909,0.536,253,0.34,0.53,0.575,27.6,5.7,8.9,6.7,33.8,1.18,0.38,3.43,12.2,115.3,108.9
453,Juwan Morgan,Tor,F,24.96,1,27.4,57.1,4.7,0.0,0,0.0,1,1.0,2,0.5,0.833,0.833,5.0,4.0,7.9,1.0,4.8,0.0,0.0,0.0,4.0,184.0,106.6
454,Marcus Morris Sr.,Lac,F,32.58,51,29.2,60.8,23.3,8.4,143,0.867,403,0.476,255,0.369,0.506,0.548,15.5,4.5,8.1,2.2,11.7,0.51,0.29,1.29,7.3,107.6,107.4
455,Jaylen Morris,San,G,26.53,3,5.3,11.1,23.1,11.4,4,0.5,4,0.0,2,0.0,0.0,0.129,0.7,0.7,6.5,0.7,13.9,0.0,0.0,0.33,5.3,39.6,105.4
456,Markieff Morris,Mia,F,32.58,16,17.1,35.5,20.9,15.6,9,0.889,71,0.549,33,0.333,0.534,0.551,7.4,2.6,8.7,1.2,11.1,0.19,0.06,1.25,6.7,102.9,101.4
457,Monte Morris,Den,G,26.76,71,29.8,62.0,17.5,8.7,77,0.857,438,0.55,296,0.399,0.569,0.587,12.7,3.0,5.6,4.4,21.2,0.72,0.18,1.03,7.4,120.4,112.6
458,Emmanuel Mudiay,Sac,G,26.07,2,5.5,11.5,18.5,21.0,4,0.75,2,0.0,0,0.0,0.0,0.399,1.5,0.0,0.0,2.0,43.2,0.5,0.0,0.5,0.0,100.4,109.0
459,Mychal Mulder,Orl,G,27.8,15,13.0,27.1,16.8,10.5,2,1.0,21,0.333,46,0.283,0.396,0.405,3.7,1.4,5.7,0.2,2.2,0.27,0.07,0.53,3.1,76.0,111.5
460,Ade Murkey,Sac,G,20.0,1,1.5,3.1,0.0,,0,0.0,0,0.0,0,0.0,,,0.0,0.0,0.0,0.0,0.0,0.0,0.0,0.0,0.0,,
461,Trey Murphy III,Nor,F,21.78,56,13.5,28.0,15.2,4.9,42,0.857,76,0.408,158,0.38,0.517,0.551,5.0,2.3,9.4,0.6,6.7,0.36,0.13,0.23,5.6,120.2,108.6
462,Dejounte Murray,San,G,25.53,67,34.8,72.6,27.2,11.8,241,0.788,938,0.504,288,0.33,0.502,0.533,21.2,8.4,12.6,9.3,40.5,2.03,0.34,2.66,13.6,113.3,106.8
463,Mike Muscala,Okc,F-C,30.75,43,13.8,28.7,20.9,4.9,57,0.842,85,0.506,163,0.429,0.597,0.63,8.0,3.0,11.2,0.5,6.2,0.42,0.6,0.33,6.6,124.3,104.0
464,Svi Mykhailiuk,Tor,G-F,24.81,55,12.9,26.8,16.6,11.3,37,0.865,99,0.505,129,0.302,0.476,0.51,4.5,1.7,7.0,0.8,8.9,0.45,0.07,0.56,5.7,104.9,107.6
465,Abdel Nader,Pho,F,28.52,14,10.4,21.6,15.0,21.8,10,0.6,21,0.381,14,0.286,0.4,0.431,2.4,1.9,10.0,0.5,5.8,0.57,0.29,0.79,5.1,78.9,94.4
466,Larry Nance Jr.,Por,F-C,29.25,37,23.2,48.3,12.4,11.0,49,0.653,136,0.61,62,0.306,0.563,0.581,6.9,5.6,13.3,2.0,12.3,1.03,0.35,0.73,7.3,123.5,109.9
467,RJ Nembhard Jr.,Cle,G,23.03,13,4.6,9.6,15.4,9.6,4,0.75,15,0.4,2,0.0,0.353,0.4,1.2,0.5,5.6,0.9,27.9,0.08,0.0,0.15,7.1,106.8,112.3
468,Aaron Nesmith,Bos,G-F,22.46,48,11.1,23.1,16.8,12.8,24,0.792,65,0.6,101,0.248,0.461,0.487,3.6,1.8,8.6,0.4,5.3,0.38,0.08,0.54,5.0,94.2,97.7
469,Raul Neto,Was,G,29.87,65,20.2,42.1,18.3,13.5,101,0.762,309,0.518,114,0.289,0.495,0.531,7.6,2.0,5.5,3.2,23.4,0.8,0.05,1.12,7.2,107.6,109.8
470,Malik Newman,Cle,G,25.11,1,7.7,16.0,39.5,14.5,2,1.0,4,0.75,1,0.0,0.6,0.68,8.0,1.0,7.2,1.0,30.1,0.0,0.0,1.0,10.4,118.0,114.6
471,Georges Niang,Phi,F,28.79,72,23.0,48.0,17.0,9.0,57,0.877,174,0.506,369,0.396,0.565,0.584,9.2,2.7,6.5,1.4,9.1,0.39,0.17,0.78,5.7,111.4,104.1
472,Daishen Nix,Hou,G,20.13,20,10.6,22.1,16.4,21.9,21,0.619,34,0.5,21,0.333,0.5,0.529,3.4,1.5,7.5,1.6,21.5,0.65,0.0,0.9,7.6,101.0,110.5
473,Zeke Nnaji,Den,F-C,21.23,40,16.8,35.0,14.8,9.7,62,0.613,101,0.574,76,0.487,0.641,0.649,6.6,3.6,12.0,0.4,3.1,0.4,0.33,0.55,5.0,126.4,103.3
474,Nerlens Noel,Nyk,C-F,27.98,25,22.5,46.8,7.3,21.5,30,0.7,57,0.561,3,0.0,0.533,0.581,3.4,5.6,13.4,0.9,5.7,1.2,1.24,0.8,4.6,120.1,98.7
475,Jaylen Nowell,Min,G,22.73,58,15.8,32.8,20.5,6.9,81,0.778,236,0.534,146,0.377,0.546,0.575,8.3,2.0,6.8,2.1,20.4,0.45,0.14,0.53,8.3,121.2,109.2
476,Frank Ntilikina,Dal,G,23.68,55,12.3,25.5,17.4,11.9,25,0.96,110,0.445,109,0.349,0.484,0.513,4.3,1.4,6.4,1.3,15.0,0.49,0.13,0.56,6.5,104.1,102.9
477,Jusuf Nurkic,Por,C,27.61,56,28.2,58.7,23.5,16.6,268,0.69,544,0.563,56,0.268,0.548,0.586,15.0,11.1,21.4,2.8,16.5,1.11,0.61,2.55,11.0,112.8,102.5
478,David Nwaba,Hou,G-F,29.21,45,13.2,27.6,16.0,9.4,67,0.716,126,0.548,48,0.313,0.526,0.568,5.1,3.3,13.7,0.8,8.5,0.6,0.42,0.47,7.2,117.6,108.0
479,Jordan Nwora,Mil,F,23.56,58,18.8,39.2,18.9,10.6,26,0.808,207,0.464,212,0.344,0.49,0.502,7.4,3.5,9.9,0.9,7.1,0.41,0.26,0.88,6.1,98.9,107.3
480,Semi Ojeleye,Mil,F,27.32,20,15.4,32.0,11.2,6.2,13,0.769,29,0.241,41,0.268,0.336,0.376,2.9,2.9,10.0,0.3,2.0,0.25,0.25,0.25,3.5,97.0,107.1
481,Semi Ojeleye,Lac,F,27.32,10,9.8,20.5,17.9,10.0,16,0.813,20,0.4,9,0.444,0.483,0.569,4.1,1.6,8.5,0.4,5.8,0.2,0.1,0.4,5.6,111.0,110.6
482,Chuma Okeke,Orl,F,23.62,65,24.7,51.5,16.3,8.9,61,0.852,196,0.474,329,0.313,0.471,0.496,8.4,4.9,10.5,1.7,10.2,1.35,0.58,0.83,6.7,101.0,107.9
483,Josh Okogie,Min,G,23.58,46,10.3,21.4,11.7,16.5,41,0.659,47,0.426,46,0.304,0.441,0.491,2.4,1.5,7.5,0.5,5.9,0.48,0.22,0.48,4.7,100.8,106.3
484,Onyeka Okongwu,Atl,F-C,21.3,43,20.8,43.3,14.4,13.6,102,0.725,209,0.694,0,0.0,0.694,0.717,8.5,5.9,15.5,1.1,7.5,0.58,1.3,0.93,7.3,140.9,100.8
485,Isaac Okoro,Cle,F-G,21.18,62,29.7,61.9,12.7,10.7,143,0.797,260,0.546,151,0.351,0.539,0.588,9.0,3.1,5.7,1.8,8.6,0.85,0.34,0.92,5.0,119.3,105.4
486,KZ Okpala,Mia,F-G,22.93,21,11.6,24.2,14.4,6.3,11,0.727,43,0.488,26,0.346,0.5,0.521,3.7,2.0,9.5,0.7,8.3,0.19,0.33,0.24,6.0,113.2,101.9
487,Victor Oladipo,Mia,G,29.91,6,18.4,38.3,20.0,14.1,6,0.667,24,0.458,16,0.25,0.425,0.446,6.3,1.7,5.1,2.8,22.8,0.17,0.17,1.17,6.8,94.8,106.1
488,Cameron Oliver,Atl,F,20.0,2,21.7,45.1,16.5,0.0,3,0.667,12,0.75,3,0.333,0.7,0.705,11.5,3.0,7.6,1.5,11.0,0.5,0.5,0.0,6.9,149.8,107.1
489,Kelly Olynyk,Det,F-C,30.95,38,19.0,39.6,21.4,15.0,78,0.756,159,0.528,113,0.336,0.518,0.557,9.0,4.5,12.7,2.7,23.1,0.79,0.45,1.42,10.1,111.4,101.3
490,Eugene Omoruyi,Dal,F,25.13,4,4.5,9.3,17.1,0.0,4,0.5,3,0.333,2,0.5,0.5,0.518,1.8,1.8,21.7,0.5,16.0,0.0,0.0,0.0,10.4,131.5,97.6
491,Royce O'Neale,Uta,F,28.82,73,31.4,65.5,9.8,13.2,52,0.808,132,0.629,292,0.397,0.606,0.622,7.6,4.9,8.5,2.5,10.6,1.15,0.44,0.93,5.8,125.8,105.8
492,Miye Oni,Uta,G-F,24.66,16,2.8,5.8,10.3,9.6,1,0.0,1,1.0,8,0.125,0.278,0.265,0.3,0.4,8.7,0.3,14.1,0.0,0.0,0.06,4.7,,
493,Cedi Osman,Cle,F,26.98,61,22.4,46.7,21.3,9.6,122,0.656,204,0.549,338,0.352,0.536,0.555,10.8,2.2,5.4,2.0,14.0,0.82,0.15,1.03,6.5,109.6,104.5
494,Daniel Oturu,Tor,C,22.53,3,9.1,19.0,12.9,0.0,5,0.6,5,0.6,1,0.0,0.5,0.549,3.0,1.7,9.9,0.0,0.0,0.0,0.67,0.0,0.0,122.8,112.4
495,Kelly Oubre Jr.,Cha,F-G,26.31,71,26.7,55.7,23.2,6.4,175,0.663,367,0.569,527,0.345,0.539,0.556,15.2,4.0,7.9,1.1,6.2,1.04,0.44,0.93,6.1,109.8,107.7
496,Jaysean Paige,Det,G,27.67,1,6.6,13.8,26.0,25.0,0,0.0,1,0.0,2,0.0,0.0,0.0,0.0,1.0,8.2,1.0,19.2,0.0,0.0,1.0,0.0,15.2,85.3
497,Trayvon Palmer,Det,G,27.38,1,16.8,35.0,5.1,50.0,0,0.0,1,0.0,0,0.0,0.0,0.0,0.0,2.0,6.4,0.0,0.0,0.0,0.0,1.0,0.0,0.0,107.1
498,Kevin Pangos,Cle,G,29.18,24,6.9,14.4,14.6,12.8,4,0.75,20,0.45,26,0.231,0.391,0.408,1.6,0.5,3.7,1.3,24.7,0.13,0.0,0.29,5.9,99.1,108.4
499,Jabari Parker,Bos,F,27.05,12,9.4,19.5,19.6,16.0,9,1.0,22,0.455,16,0.5,0.579,0.632,4.4,2.3,13.4,0.5,8.0,0.33,0.08,0.67,7.3,113.5,95.4
500,Eric Paschall,Uta,F,25.4,56,12.9,26.9,17.6,9.3,83,0.771,121,0.579,107,0.374,0.57,0.612,5.8,1.9,7.9,0.6,7.2,0.16,0.09,0.48,5.8,122.8,108.8
501,Chris Paul,Pho,G,36.9,61,33.0,68.8,20.0,15.6,193,0.845,511,0.556,190,0.326,0.538,0.583,15.0,4.4,7.2,10.7,44.1,1.82,0.33,2.38,10.8,123.8,104.0
502,Cameron Payne,Pho,G,27.65,54,22.2,46.3,24.8,14.0,89,0.843,356,0.449,196,0.337,0.469,0.502,11.0,2.9,7.0,4.8,30.2,0.65,0.3,1.78,9.6,104.0,102.2
503,Gary Payton II,Gol,G,29.33,66,17.3,36.0,14.5,10.0,56,0.589,204,0.76,112,0.366,0.685,0.684,7.1,3.4,10.8,0.8,7.4,1.33,0.3,0.58,6.2,129.6,97.0
504,Elfrid Payton,Pho,G,28.1,47,10.9,22.8,18.2,20.7,30,0.4,143,0.399,16,0.25,0.396,0.401,2.9,1.8,8.9,2.0,23.2,0.51,0.13,0.96,8.0,88.4,103.5
505,Norvel Pelle,Uta,C,29.16,3,6.3,13.2,16.1,28.6,0,0.0,5,0.6,0,0.0,0.6,0.6,2.0,2.0,17.3,0.0,0.0,0.0,0.33,0.67,0.0,101.5,109.8
506,Reggie Perry,Por,F-C,22.03,3,19.1,39.9,18.5,8.1,6,0.833,16,0.563,4,0.25,0.525,0.574,8.7,4.3,12.4,0.7,5.5,0.33,0.0,0.67,6.2,120.6,100.3
507,Reggie Perry,Ind,F-C,22.03,1,9.9,20.6,4.3,0.0,0,0.0,1,1.0,0,0.0,1.0,1.0,2.0,1.0,5.6,0.0,0.0,0.0,0.0,0.0,0.0,200.0,88.7
508,Jamorko Pickett,Det,F,24.27,10,9.4,19.6,13.3,10.3,0,0.0,8,0.375,18,0.278,0.404,0.404,2.1,1.6,9.2,0.3,4.5,0.0,0.3,0.3,4.3,86.0,109.4
509,Theo Pinson,Dal,G-F,26.4,16,7.5,15.6,13.4,5.6,4,1.0,7,0.429,25,0.24,0.375,0.415,1.8,1.2,8.8,0.8,14.7,0.25,0.13,0.13,6.4,99.9,103.3
510,Mason Plumlee,Cha,F-C,32.07,68,25.0,52.0,11.6,19.7,159,0.39,299,0.635,2,0.0,0.631,0.596,6.5,8.0,16.8,3.1,16.5,0.84,0.71,1.34,8.7,123.2,101.3
511,Jakob Poeltl,San,C,26.46,64,29.1,60.7,18.2,12.8,179,0.492,623,0.618,1,1.0,0.619,0.613,13.5,9.3,16.6,2.8,14.0,0.69,1.75,1.61,9.7,123.9,104.1
512,Aleksej Pokusevski,Okc,C,20.26,60,19.9,41.6,19.9,15.9,50,0.7,250,0.5,192,0.281,0.466,0.482,7.5,5.1,13.2,2.0,15.5,0.63,0.6,1.47,8.5,95.7,106.7
513,Yves Pons,Mem,F,22.9,9,3.6,7.5,7.5,0.0,2,0.0,3,0.333,2,0.5,0.5,0.425,0.6,0.7,9.7,0.0,0.0,0.0,0.0,0.0,0.0,,
514,Jordan Poole,Gol,G,22.78,71,29.8,62.1,25.6,13.4,242,0.917,443,0.555,528,0.366,0.551,0.6,18.2,3.3,6.0,3.8,20.2,0.83,0.27,2.35,8.2,112.7,103.4
515,Kevin Porter Jr.,Hou,G-F,21.91,56,30.6,63.7,23.5,18.5,173,0.618,341,0.446,356,0.368,0.5,0.52,14.4,4.2,7.6,6.1,30.9,1.05,0.39,3.13,9.4,101.4,111.5
516,Michael Porter Jr.,Den,F,23.76,9,29.5,61.4,19.7,10.1,9,0.556,55,0.491,48,0.208,0.408,0.416,9.9,6.6,12.4,1.9,8.9,1.11,0.22,1.33,6.8,86.7,106.8
517,Otto Porter Jr.,Gol,F,28.83,60,21.8,45.5,15.2,7.7,59,0.814,189,0.577,207,0.372,0.567,0.589,8.3,5.7,14.1,1.5,10.1,1.07,0.45,0.58,7.6,123.3,102.3
518,Bobby Portis,Mil,F,27.14,67,28.4,59.2,21.1,9.4,112,0.75,486,0.525,317,0.397,0.553,0.57,14.5,9.1,16.9,1.2,6.4,0.75,0.76,1.31,7.6,115.1,102.9
519,Kristaps Porzingis,Dal,F-C,26.66,34,29.5,61.4,28.6,8.3,170,0.865,335,0.537,173,0.283,0.499,0.561,19.2,7.7,14.4,2.0,11.8,0.74,1.74,1.56,9.0,113.5,101.0
520,Kristaps Porzingis,Was,F-C,26.66,13,28.0,58.3,31.6,8.9,97,0.866,134,0.545,59,0.305,0.518,0.603,21.8,8.3,16.3,3.1,18.8,0.69,1.62,1.77,11.8,121.8,102.7
521,Micah Potter,Det,F,23.99,3,10.3,21.5,17.9,7.8,2,1.0,9,0.556,2,0.0,0.455,0.505,4.0,3.0,15.8,0.0,0.0,0.33,0.33,0.33,0.0,109.1,102.6
522,Dwight Powell,Dal,F-C,30.7,77,21.6,45.0,13.7,10.8,185,0.784,334,0.695,37,0.351,0.678,0.716,8.4,4.8,12.3,1.2,8.3,0.45,0.45,0.71,6.7,144.5,99.4
523,Myles Powell,Phi,G,20.0,11,4.7,9.9,18.1,14.4,2,1.0,11,0.364,6,0.167,0.324,0.364,1.2,0.5,6.4,0.3,8.1,0.09,0.0,0.27,4.8,74.1,99.2
524,Norman Powell,Por,G,28.85,40,33.3,69.4,22.4,9.0,198,0.803,313,0.492,229,0.406,0.542,0.593,18.7,3.3,5.4,2.1,9.9,1.0,0.43,1.55,6.1,115.0,114.4
525,Norman Powell,Lac,G,28.85,3,26.8,55.8,30.6,9.0,20,0.85,28,0.5,14,0.429,0.548,0.62,21.0,3.0,5.9,4.0,26.1,0.67,0.67,1.67,9.4,124.2,105.9
526,Joshua Primo,San,G,19.27,44,18.3,38.1,15.1,16.0,44,0.75,108,0.454,115,0.296,0.448,0.481,5.3,2.3,6.5,1.4,9.9,0.41,0.48,1.05,5.6,95.6,109.9
527,Taurean Prince,Min,F,28.03,65,16.9,35.1,17.2,11.1,72,0.764,151,0.556,217,0.378,0.563,0.587,7.2,2.6,8.1,0.9,7.8,0.69,0.35,0.77,6.1,111.3,105.6
528,Payton Pritchard,Bos,G,24.17,66,13.9,29.0,18.3,10.0,19,1.0,118,0.449,217,0.406,0.552,0.566,5.9,1.8,7.1,1.9,20.5,0.32,0.08,0.58,7.8,118.0,105.7
529,Trevelin Queen,Hou,G,20.0,10,7.4,15.5,23.8,16.8,4,1.0,9,0.667,24,0.375,0.591,0.619,4.3,1.6,11.8,0.4,8.8,0.5,0.1,0.7,7.6,109.7,109.8
530,Neemias Queta,Sac,C,22.72,11,6.5,13.5,18.6,12.9,7,0.571,24,0.417,0,0.0,0.417,0.443,2.2,1.8,15.2,0.4,8.0,0.09,0.36,0.36,7.2,103.5,103.7
531,Immanuel Quickley,Nyk,G,22.79,73,22.4,46.6,21.6,11.2,183,0.896,282,0.447,354,0.345,0.486,0.546,10.7,2.9,6.9,3.2,22.5,0.64,0.04,1.23,8.3,113.5,104.6
532,Jahmi'us Ramsey,Sac,G,20.81,19,7.1,14.7,22.1,7.2,14,0.5,40,0.475,18,0.278,0.457,0.468,3.2,0.7,5.2,0.4,7.9,0.05,0.05,0.26,5.4,95.0,113.9
533,Julius Randle,Nyk,F-C,27.34,72,35.3,73.6,28.7,14.7,401,0.756,856,0.458,390,0.308,0.459,0.509,20.1,10.0,15.0,5.1,25.1,0.74,0.54,3.4,11.4,102.8,103.4
534,Austin Reaves,Lal,G,23.84,57,22.5,47.0,11.8,10.0,86,0.837,127,0.638,151,0.305,0.54,0.589,6.5,2.9,6.9,1.6,9.2,0.42,0.33,0.61,5.5,120.7,112.2
535,Cam Reddish,Atl,F-G,22.58,34,23.4,48.8,23.2,10.4,80,0.9,190,0.421,153,0.379,0.487,0.537,11.9,2.5,5.8,1.1,6.9,1.03,0.32,1.29,5.5,103.6,112.7
536,Cam Reddish,Nyk,F-G,22.58,15,14.4,29.9,18.7,14.1,32,0.906,34,0.559,31,0.258,0.477,0.575,6.1,1.4,5.2,0.7,7.1,0.87,0.27,0.87,5.0,109.3,106.5
537,Davon Reed,Den,G,26.81,43,13.4,28.0,12.0,7.6,10,0.8,62,0.581,79,0.418,0.606,0.616,4.2,2.3,9.4,1.0,10.3,0.47,0.16,0.28,6.4,124.5,104.5
538,Paul Reed,Phi,F,22.8,34,7.4,15.5,15.2,9.4,10,0.4,66,0.5,7,0.286,0.493,0.491,2.2,2.1,15.8,0.4,7.7,0.68,0.38,0.24,6.6,114.7,91.8
539,Naz Reid,Min,C-F,22.6,72,15.8,32.9,21.3,12.7,145,0.766,293,0.57,150,0.347,0.553,0.593,8.3,4.0,13.3,0.9,9.0,0.53,0.94,1.03,7.9,115.3,100.1
540,Nick Richards,Cha,C,24.34,47,7.6,15.8,15.0,17.5,43,0.698,85,0.671,0,0.0,0.671,0.693,3.1,1.7,12.1,0.3,5.1,0.19,0.43,0.47,6.1,123.7,102.5
541,Josh Richardson,Bos,G,28.54,44,24.7,51.5,16.8,9.4,71,0.859,187,0.481,156,0.397,0.534,0.57,9.7,2.8,6.2,1.5,8.8,0.77,0.52,0.89,5.6,113.4,103.7
542,Josh Richardson,San,G,28.54,15,24.5,51.0,18.7,11.6,26,0.962,73,0.384,60,0.45,0.515,0.561,10.8,3.0,6.4,2.5,13.5,1.0,0.33,1.27,7.1,112.3,110.2
543,Austin Rivers,Den,G,29.66,62,22.0,45.8,12.8,12.9,40,0.725,110,0.555,218,0.349,0.534,0.548,6.1,1.7,4.3,1.4,8.3,0.77,0.1,0.82,4.4,104.4,108.2
544,Duncan Robinson,Mia,F,27.94,74,26.2,54.6,17.8,7.6,58,0.845,101,0.564,590,0.369,0.556,0.57,11.0,2.6,5.7,1.6,9.3,0.51,0.19,0.8,5.5,112.0,103.3
545,Jeremiah Robinson-Earl,Okc,F,21.41,46,22.7,47.3,14.8,10.0,46,0.717,147,0.476,155,0.335,0.49,0.51,7.2,5.8,13.0,1.0,6.7,0.63,0.33,0.78,6.1,106.6,107.2
546,Justin Robinson,Mil,G,24.47,17,11.6,24.2,14.9,16.0,2,1.0,20,0.4,37,0.27,0.404,0.415,2.8,0.8,3.5,1.2,13.8,0.47,0.0,0.65,4.8,87.4,106.8
547,Justin Robinson,Sac,G,24.47,3,5.0,10.4,25.7,11.1,0,0.0,5,0.2,3,0.0,0.125,0.125,0.7,0.3,3.6,0.7,17.2,0.0,0.0,0.33,4.2,37.7,108.1
548,Justin Robinson,Det,G,24.47,5,18.2,37.9,16.8,14.0,6,0.333,7,0.143,21,0.381,0.464,0.457,5.6,1.4,4.2,1.8,14.3,0.2,0.2,1.0,5.3,92.4,111.9
549,Mitchell Robinson,Nyk,C-F,24.0,70,25.6,53.3,11.4,12.4,175,0.486,333,0.76,0,0.0,0.76,0.721,8.4,8.7,18.0,0.5,3.3,0.76,1.79,0.83,5.2,144.3,101.3
550,Isaiah Roby,Okc,F,24.16,39,20.1,41.8,18.3,10.6,92,0.696,184,0.554,72,0.431,0.58,0.609,9.3,4.7,11.9,1.4,11.3,0.77,0.69,0.9,7.8,121.9,102.4
551,Rajon Rondo,Lal,G,36.1,18,16.1,33.5,15.8,32.1,2,0.5,41,0.366,30,0.267,0.38,0.383,3.1,2.7,9.0,3.7,29.9,0.67,0.28,1.89,7.8,84.2,107.5
552,Rajon Rondo,Cle,G,36.1,17,20.4,42.4,17.2,21.6,24,0.75,46,0.478,49,0.367,0.516,0.549,6.8,3.0,8.1,4.6,32.4,0.82,0.06,1.71,8.9,109.7,104.6
553,Derrick Rose,Nyk,G,33.49,26,24.5,51.0,22.5,11.9,31,0.968,182,0.467,92,0.402,0.513,0.541,12.0,3.0,6.5,4.0,27.5,0.85,0.46,1.5,8.6,112.5,113.0
554,Terrence Ross,Orl,G-F,31.15,62,23.0,47.8,20.5,11.1,125,0.864,287,0.491,257,0.296,0.469,0.516,10.0,2.5,5.8,1.8,12.5,0.45,0.19,1.21,6.2,100.1,113.1
555,Terry Rozier,Cha,G,28.04,68,33.9,70.7,23.2,7.3,167,0.85,535,0.508,560,0.379,0.539,0.566,19.4,4.3,6.7,4.4,19.3,1.28,0.35,1.35,8.4,116.0,112.9
556,Ricky Rubio,Cle,G,31.44,34,28.5,59.4,24.9,16.5,103,0.854,237,0.38,174,0.339,0.434,0.488,13.1,4.1,8.0,6.6,34.7,1.44,0.21,2.65,9.9,102.3,103.0
557,D'Angelo Russell,Min,G,26.1,62,31.9,66.4,25.1,13.1,223,0.821,437,0.487,496,0.339,0.498,0.54,18.0,3.4,5.6,7.0,33.1,0.92,0.35,2.5,9.5,111.8,110.9
558,Domantas Sabonis,Ind,F-C,25.91,47,34.7,72.3,21.7,17.3,258,0.74,463,0.639,108,0.324,0.61,0.649,18.9,12.1,19.3,5.0,22.3,0.98,0.47,3.04,12.1,123.3,106.5
559,Domantas Sabonis,Sac,F-C,25.91,15,33.6,70.0,24.3,18.1,74,0.743,185,0.584,17,0.235,0.564,0.603,18.9,12.3,19.8,5.8,27.9,0.87,0.33,3.47,13.2,115.6,103.1
560,Olivier Sarr,Okc,C,23.11,19,17.4,36.2,13.3,17.7,22,0.773,54,0.648,20,0.35,0.615,0.645,5.7,3.7,10.9,0.8,6.8,0.32,0.47,0.95,5.9,118.1,101.2
561,Tomas Satoransky,Nor,G,30.42,32,15.0,31.3,12.6,16.3,25,0.76,76,0.355,31,0.161,0.322,0.373,2.8,2.0,7.3,2.4,20.7,0.44,0.03,0.72,6.3,95.1,109.7
562,Tomas Satoransky,San,G,30.42,1,9.2,19.2,8.1,0.0,4,0.75,0,0.0,0,0.0,,0.852,3.0,1.0,5.7,0.0,0.0,0.0,0.0,0.0,0.0,,119.5
563,Tomas Satoransky,Was,G,30.42,16,18.4,38.4,12.1,17.4,19,0.842,42,0.524,16,0.25,0.483,0.542,4.5,2.8,8.4,4.1,29.6,0.88,0.25,0.88,8.1,120.8,106.8
564,Jordan Schakel,Was,G,23.8,2,7.1,14.8,18.8,0.0,0,0.0,3,0.0,3,0.0,0.0,0.0,0.0,1.5,11.6,0.0,0.0,0.0,0.0,0.0,0.0,29.1,121.4
565,Admiral Schofield,Orl,F,25.01,35,11.6,24.3,14.3,14.1,13,0.769,44,0.591,66,0.318,0.523,0.54,3.6,2.1,9.5,0.7,8.7,0.11,0.14,0.54,6.0,102.2,102.8
566,Dennis Schroder,Bos,G,28.54,49,29.2,60.9,23.1,13.8,145,0.848,392,0.485,192,0.349,0.497,0.543,14.4,3.3,6.2,4.2,22.4,0.84,0.1,2.12,8.0,107.9,103.2
567,Dennis Schroder,Hou,G,28.54,15,27.0,56.2,20.6,19.9,39,0.872,82,0.439,58,0.328,0.461,0.519,10.9,3.3,6.8,5.9,32.1,0.87,0.2,2.6,8.8,104.0,110.8
568,Trevon Scott,Cle,F,25.35,2,5.7,11.9,23.2,0.0,0,0.0,5,0.6,1,0.0,0.5,0.5,3.0,1.0,9.7,0.0,0.0,0.5,0.5,0.0,0.0,107.3,90.9
569,Jay Scrubb,Lac,G,21.58,18,6.7,14.1,20.8,12.2,10,0.7,25,0.48,21,0.286,0.457,0.486,2.7,0.9,6.9,0.4,9.8,0.22,0.17,0.39,5.9,93.3,107.0
570,Wayne Selden,Nyk,G,27.5,3,6.4,13.3,13.2,0.0,4,0.5,2,0.0,2,0.5,0.375,0.434,1.7,0.3,2.8,0.3,7.2,0.0,0.0,0.0,3.3,103.0,113.1
571,Alperen Sengun,Hou,C,19.69,68,19.9,41.5,22.5,19.1,221,0.697,377,0.531,106,0.264,0.501,0.55,9.4,5.3,14.5,2.4,18.9,0.84,0.96,2.01,9.9,106.3,102.5
572,Collin Sexton,Cle,G,23.24,11,28.8,59.9,27.8,15.6,39,0.744,106,0.538,45,0.244,0.487,0.523,16.0,3.3,6.3,2.1,12.0,0.91,0.0,2.82,6.7,95.9,105.7
573,Landry Shamet,Pho,G,25.05,63,20.6,42.9,16.5,7.3,80,0.838,127,0.417,297,0.38,0.525,0.557,8.1,1.8,4.6,1.6,9.8,0.43,0.11,0.57,5.5,112.9,107.4
574,Day'Ron Sharpe,Bro,F,20.4,32,12.2,25.4,21.7,15.2,41,0.585,142,0.592,7,0.286,0.584,0.593,6.2,5.0,22.3,0.5,6.7,0.31,0.47,0.94,8.2,119.3,98.4
575,Pascal Siakam,Tor,F,28.0,63,37.7,78.5,25.6,12.1,345,0.745,897,0.522,199,0.362,0.526,0.565,22.4,8.3,12.0,5.2,22.5,1.22,0.63,2.71,10.5,115.0,103.6
576,Chris Silva,Min,F,25.53,1,3.5,7.3,0.0,,0,0.0,0,0.0,0,0.0,,,0.0,1.0,15.2,0.0,0.0,0.0,0.0,0.0,0.0,,
577,Chris Silva,Mia,F,25.53,9,9.7,20.3,14.3,28.3,12,0.833,15,0.533,0,0.0,0.533,0.641,2.9,3.9,22.5,0.8,11.1,0.0,0.11,0.89,8.6,120.1,84.4
578,Marko Simonovic,Chi,C,22.46,9,3.9,8.1,27.4,9.2,11,0.727,10,0.3,5,0.2,0.3,0.428,1.9,1.1,15.9,0.0,0.0,0.11,0.11,0.22,0.0,,
579,Anfernee Simons,Por,G,22.81,57,29.5,61.4,24.7,11.9,116,0.888,355,0.49,442,0.405,0.555,0.583,17.3,2.6,4.9,3.9,22.0,0.53,0.11,2.02,7.6,112.3,115.9
580,Jericho Sims,Nyk,C,23.45,36,11.5,23.9,6.4,25.0,18,0.333,37,0.757,0,0.0,0.757,0.69,1.7,3.4,15.8,0.4,5.1,0.17,0.42,0.42,4.6,130.5,100.4
581,Deividas Sirvydis,Det,F-G,21.81,3,8.9,18.5,16.1,0.0,0,0.0,3,0.0,7,0.143,0.15,0.15,1.0,2.0,12.2,0.3,5.0,1.0,0.33,0.0,3.8,40.8,93.3
582,Javonte Smart,Mil,G,22.83,13,12.3,25.6,14.6,16.5,6,0.833,25,0.28,18,0.222,0.302,0.34,2.4,1.5,6.3,1.1,11.0,0.31,0.15,0.69,5.1,77.4,108.6
583,Javonte Smart,Mia,G,22.83,2,2.1,4.4,31.8,0.0,0,0.0,2,0.0,1,0.0,0.0,0.0,0.0,0.0,0.0,0.0,0.0,0.0,0.0,0.0,0.0,,
584,Marcus Smart,Bos,G,28.07,66,32.7,68.0,18.4,16.5,175,0.789,345,0.499,327,0.324,0.493,0.534,12.1,4.0,6.5,5.8,25.5,1.77,0.26,2.24,8.0,109.3,102.6
585,Dennis Smith Jr.,Por,G,24.35,37,17.3,36.0,18.1,19.0,64,0.656,162,0.451,27,0.222,0.434,0.474,5.6,2.4,7.5,3.6,30.2,1.22,0.32,1.38,8.4,101.8,109.7
586,Ish Smith,Cha,G,33.74,37,13.8,28.8,19.1,15.7,19,0.632,160,0.394,25,0.4,0.422,0.434,4.5,1.5,5.9,2.6,26.2,0.54,0.27,0.97,7.5,95.2,111.4
587,Ish Smith,Was,G,33.74,22,21.4,44.6,20.8,14.5,5,0.6,151,0.464,35,0.343,0.473,0.476,8.1,3.0,7.8,4.8,34.1,0.86,0.5,1.45,9.1,103.0,108.6
588,Jalen Smith,Pho,F-C,22.04,29,13.2,27.4,20.6,12.1,52,0.769,98,0.551,39,0.231,0.493,0.547,6.0,4.8,19.6,0.2,2.1,0.21,0.62,0.76,5.4,113.8,95.0
589,Jalen Smith,Ind,F-C,22.04,19,24.7,51.4,19.8,7.8,45,0.756,107,0.636,73,0.384,0.611,0.636,13.4,7.8,17.6,0.8,5.3,0.32,1.0,0.89,7.1,125.5,109.5
590,Xavier Sneed,Mem,F,20.0,2,3.9,8.0,10.7,0.0,0,0.0,0,0.0,2,0.0,0.0,0.0,0.0,1.0,13.5,0.0,0.0,0.0,0.0,0.0,0.0,,
591,Xavier Sneed,Uta,F,20.0,5,4.4,9.2,9.9,0.0,0,0.0,1,1.0,4,0.25,0.5,0.5,1.0,0.4,5.0,0.0,0.0,0.0,0.0,0.0,0.0,104.2,117.6
592,Tony Snell,Por,G,30.39,38,14.4,29.9,8.6,10.1,3,1.0,22,0.545,75,0.32,0.495,0.503,2.6,1.9,7.2,0.6,5.2,0.21,0.18,0.29,4.0,104.2,113.4
593,Tony Snell,Nor,G,30.39,11,20.9,43.5,11.8,11.1,0,0.0,12,0.5,44,0.409,0.589,0.589,6.0,2.6,7.0,0.5,3.0,0.55,0.18,0.64,3.8,108.4,107.0
594,Jaden Springer,Phi,G,19.52,2,2.8,5.8,16.1,50.0,0,0.0,1,1.0,0,0.0,1.0,1.0,1.0,1.0,19.9,0.0,0.0,0.0,1.0,0.5,0.0,,
595,Cassius Stanley,Det,G,22.62,9,17.2,35.9,15.6,10.6,10,1.0,29,0.517,17,0.235,0.457,0.516,5.8,2.1,6.6,0.4,3.9,0.56,0.22,0.67,3.9,101.3,107.0
596,Nik Stauskas,Mia,G,28.48,2,11.9,24.7,18.3,0.0,4,0.75,4,0.25,4,0.5,0.5,0.564,5.5,1.5,7.2,0.5,6.1,0.0,0.0,0.0,5.4,127.1,111.3
597,Nik Stauskas,Bos,G,28.48,6,2.5,5.2,23.0,12.7,2,0.5,0,0.0,6,0.333,0.5,0.509,1.2,0.0,0.0,0.2,9.5,0.0,0.0,0.17,0.0,,
598,Lance Stephenson,Atl,F,31.57,6,11.6,24.1,11.2,22.4,2,0.5,10,0.5,3,0.0,0.385,0.396,1.8,2.5,11.8,1.8,20.0,0.0,0.0,0.67,6.9,91.6,105.5
599,Lance Stephenson,Ind,F,31.57,35,19.1,39.7,23.9,16.4,67,0.791,198,0.52,83,0.289,0.495,0.533,9.5,2.9,8.3,3.7,29.3,0.6,0.09,1.74,9.8,105.6,107.0
600,Lamar Stevens,Cle,F,24.73,58,15.6,32.6,17.0,10.9,66,0.697,224,0.54,58,0.31,0.525,0.55,5.9,2.5,8.9,0.7,6.4,0.48,0.24,0.66,5.6,108.1,101.5
601,Isaiah Stewart,Det,F-C,20.86,66,26.1,54.3,14.7,14.1,97,0.701,426,0.535,36,0.222,0.519,0.543,8.3,8.7,18.1,1.1,6.5,0.33,1.12,1.26,6.6,112.2,103.9
602,Max Strus,Mia,G-F,26.01,64,23.2,48.4,18.3,8.8,50,0.78,115,0.557,421,0.397,0.587,0.599,10.4,3.0,7.3,1.4,8.9,0.41,0.23,0.84,6.1,113.9,105.6
603,Jalen Suggs,Orl,G,20.83,46,27.7,57.6,25.4,18.7,163,0.773,347,0.441,190,0.216,0.399,0.456,12.1,3.7,7.0,4.4,25.0,1.22,0.39,3.04,8.4,88.4,104.2
604,Craig Sword,Was,G,28.21,3,6.3,13.2,11.7,20.0,0,0.0,3,1.0,1,0.0,0.75,0.75,2.0,0.0,0.0,0.3,7.8,1.33,0.0,0.33,0.0,115.2,69.2
605,Keifer Sykes,Ind,G,28.25,31,18.3,38.1,17.4,14.3,17,0.882,100,0.42,90,0.3,0.434,0.456,5.8,1.5,4.4,2.0,15.0,0.39,0.13,1.06,5.7,93.7,112.2
606,Jae'Sean Tate,Hou,F,26.43,73,26.3,54.9,19.8,14.9,174,0.707,495,0.578,191,0.309,0.546,0.572,11.9,5.5,11.4,2.9,17.2,0.95,0.55,1.84,8.7,111.6,104.6
607,Jayson Tatum,Bos,F-G,24.08,72,36.2,75.5,32.0,10.9,443,0.86,870,0.522,621,0.353,0.525,0.577,27.0,8.0,11.9,4.3,20.8,0.94,0.64,2.88,10.8,113.0,102.2
608,Terry Taylor,Ind,G,22.52,28,20.8,43.2,15.7,8.0,43,0.674,151,0.682,26,0.346,0.658,0.669,9.4,5.4,14.4,1.2,8.9,0.36,0.29,0.61,7.6,139.4,111.0
609,Garrett Temple,Nor,G-F,35.9,56,18.9,39.4,13.8,11.8,41,0.683,107,0.486,175,0.32,0.482,0.5,5.4,2.5,7.3,1.3,9.4,0.75,0.41,0.71,5.5,102.7,108.0
610,Emanuel Terry,Pho,F,26.61,3,6.1,12.6,23.7,50.0,0,0.0,5,0.0,0,0.0,0.0,0.0,0.0,5.0,44.3,0.7,12.1,0.33,0.0,1.67,0.0,63.4,78.6
611,Tyrell Terry,Mem,G,21.51,2,1.6,3.2,13.2,0.0,0,0.0,1,1.0,0,0.0,1.0,1.0,1.0,0.0,0.0,0.0,0.0,0.0,0.0,0.0,0.0,,
612,Jon Teske,Mem,C,20.0,3,2.6,5.4,9.9,0.0,2,0.0,1,0.0,0,0.0,0.0,0.0,0.0,0.7,13.4,0.3,14.2,0.33,0.0,0.0,0.0,,
613,Daniel Theis,Hou,F-C,29.99,26,22.5,46.8,16.5,13.6,40,0.675,100,0.61,79,0.291,0.534,0.554,8.4,5.0,12.2,0.8,5.1,0.42,0.65,1.19,5.7,104.5,108.5
614,Daniel Theis,Bos,F-C,29.99,16,15.8,32.9,14.9,12.9,24,0.667,46,0.739,18,0.333,0.672,0.684,6.4,4.3,14.5,0.9,8.3,0.5,0.88,0.69,7.4,128.2,91.7
615,Brodric Thomas,Bos,G,25.17,10,4.8,9.9,19.3,19.3,4,0.5,7,0.714,8,0.125,0.433,0.447,1.5,0.7,7.9,0.8,24.0,0.0,0.1,0.4,7.9,94.9,99.5
616,Cam Thomas,Bro,G,20.47,62,18.1,37.6,22.2,8.8,94,0.84,317,0.524,169,0.266,0.48,0.518,8.8,2.4,7.3,1.2,10.0,0.52,0.13,0.82,6.5,102.8,112.1
617,Isaiah Thomas,Lal,G,33.15,4,25.3,52.6,20.8,10.2,11,0.727,17,0.412,22,0.227,0.372,0.422,9.3,2.0,4.2,1.5,8.1,0.0,0.5,1.25,4.8,85.7,108.3
618,Isaiah Thomas,Dal,G,33.15,1,13.3,27.7,27.1,0.0,0,0.0,5,0.6,3,0.0,0.375,0.375,6.0,0.0,0.0,4.0,51.2,0.0,0.0,0.0,0.0,101.5,118.4
619,Isaiah Thomas,Cha,G,33.15,12,13.3,27.7,26.8,6.9,11,0.909,47,0.489,42,0.381,0.528,0.554,8.7,1.3,5.3,1.6,18.8,0.5,0.17,0.58,7.9,111.0,110.6
620,Matt Thomas,Chi,G,27.66,40,11.5,23.9,14.5,5.3,20,0.8,43,0.465,91,0.385,0.541,0.564,4.0,1.3,6.1,0.5,5.8,0.2,0.08,0.2,4.8,112.3,114.0
621,Klay Thompson,Gol,G,32.14,29,28.9,60.1,28.7,6.9,45,0.911,239,0.464,255,0.365,0.507,0.527,18.7,3.9,7.3,2.8,16.1,0.55,0.59,1.31,8.2,104.9,107.1
622,Tristan Thompson,Sac,C-F,31.05,30,15.2,31.6,19.4,14.1,60,0.533,150,0.5,1,1.0,0.507,0.521,6.2,5.4,19.2,0.6,5.9,0.37,0.4,0.97,7.2,109.2,105.1
623,Tristan Thompson,Ind,C-F,31.05,4,16.4,34.2,20.6,12.7,8,0.375,24,0.542,0,0.0,0.542,0.527,7.3,4.5,15.2,0.5,4.7,0.0,0.5,1.0,6.2,102.9,108.7
624,Tristan Thompson,Chi,C-F,31.05,18,16.5,34.3,14.3,10.4,38,0.553,67,0.567,2,0.0,0.551,0.566,5.4,4.7,15.9,0.7,5.9,0.61,0.28,0.56,6.3,121.0,103.6
625,JT Thor,Cha,F,19.6,29,8.5,17.7,11.9,11.6,16,0.625,28,0.607,26,0.269,0.509,0.532,2.2,1.4,8.6,0.6,9.4,0.28,0.34,0.28,5.8,112.1,106.9
626,Matisse Thybulle,Phi,G-F,25.08,61,25.6,53.3,9.6,11.1,43,0.791,144,0.674,134,0.313,0.576,0.596,5.8,2.3,5.0,1.1,5.9,1.74,1.1,0.61,3.8,116.0,103.6
627,Killian Tillie,Mem,F-C,24.07,36,12.8,26.7,12.8,9.1,8,0.625,41,0.39,86,0.314,0.445,0.452,3.3,1.7,6.8,0.6,5.9,0.64,0.42,0.36,4.7,100.9,100.5
628,Xavier Tillman,Mem,F,23.22,48,12.7,26.4,16.5,13.1,61,0.656,146,0.527,40,0.225,0.487,0.519,4.6,3.1,12.6,1.0,10.4,0.94,0.31,0.67,7.6,110.9,100.9
629,Isaiah Todd,Was,F,20.46,10,4.1,8.6,22.3,4.8,6,0.333,6,0.167,11,0.364,0.412,0.407,1.6,1.0,13.4,0.3,10.3,0.2,0.2,0.1,7.6,91.5,111.9
630,Obi Toppin,Nyk,F,24.08,67,15.6,32.4,20.1,10.3,102,0.735,256,0.66,128,0.258,0.569,0.597,7.6,3.5,12.1,0.9,10.3,0.31,0.42,0.73,7.4,117.9,104.2
631,Juan Toscano-Anderson,Gol,F,28.98,70,13.5,28.2,14.8,19.9,70,0.571,143,0.587,84,0.31,0.542,0.555,4.1,2.4,9.7,1.7,17.8,0.66,0.23,0.91,7.6,106.3,97.9
632,Karl-Anthony Towns,Min,C-F,26.38,70,33.5,69.7,27.7,14.1,446,0.825,795,0.582,342,0.406,0.591,0.642,24.4,9.8,15.5,3.7,18.3,1.0,1.13,3.11,11.5,121.1,102.1
633,Gary Trent Jr.,Tor,G-F,23.2,64,34.7,72.3,21.9,5.7,191,0.843,482,0.442,503,0.38,0.507,0.543,18.1,2.8,4.3,2.0,8.9,1.81,0.27,1.02,5.4,113.7,109.2
634,P.J. Tucker,Mia,F,36.91,69,28.0,58.3,11.8,12.7,59,0.729,230,0.539,190,0.416,0.577,0.592,7.7,5.4,10.9,2.1,10.6,0.81,0.22,0.94,6.3,120.4,102.9
635,Rayjon Tucker,Den,G,24.52,3,9.8,20.3,5.6,0.0,4,0.75,0,0.0,2,0.5,0.75,0.798,2.0,1.3,7.6,1.3,16.6,0.33,0.0,0.0,6.1,188.7,104.7
636,Myles Turner,Ind,C-F,26.02,42,29.4,61.2,17.1,10.9,105,0.752,210,0.662,183,0.333,0.587,0.615,12.9,7.1,13.4,1.0,5.2,0.67,2.81,1.29,6.1,117.7,107.8
637,Jonas Valanciunas,Nor,C,29.9,70,30.8,64.1,24.0,14.3,277,0.819,752,0.58,156,0.359,0.573,0.615,18.1,11.6,20.8,2.6,13.9,0.59,0.84,2.46,10.6,117.8,101.1
638,Denzel Valentine,Cle,G,28.37,22,9.3,19.3,15.6,13.9,0,0.0,18,0.278,44,0.409,0.516,0.516,2.9,1.7,10.3,0.5,7.6,0.32,0.0,0.45,5.8,100.1,102.9
639,Denzel Valentine,Uta,G,28.37,2,9.3,19.3,14.2,33.3,0,0.0,1,1.0,3,0.333,0.625,0.625,2.5,2.0,11.8,0.0,0.0,0.5,0.0,1.0,0.0,75.2,93.0
640,Jarred Vanderbilt,Min,F,23.0,69,25.5,53.2,11.1,14.3,124,0.661,334,0.605,13,0.154,0.591,0.613,7.1,8.6,18.0,1.3,6.9,1.35,0.62,0.97,6.7,128.5,101.9
641,Fred VanVleet,Tor,G,28.1,62,37.8,78.8,23.6,12.3,208,0.87,437,0.442,603,0.383,0.519,0.557,20.3,4.5,6.5,6.7,26.9,1.65,0.53,2.56,9.0,115.5,108.0
642,Devin Vassell,San,G-F,21.6,66,27.0,56.3,18.7,6.7,87,0.828,358,0.494,345,0.351,0.51,0.532,12.0,4.3,8.3,1.8,9.3,1.02,0.62,0.8,6.7,108.3,108.2
643,Gabe Vincent,Mia,G,25.8,64,23.7,49.4,17.9,15.7,52,0.808,184,0.5,307,0.362,0.526,0.544,8.7,1.9,4.5,3.1,19.4,0.94,0.19,1.5,6.3,105.7,102.5
644,Nikola Vucevic,Chi,C,31.44,69,33.5,69.8,24.5,10.0,117,0.752,787,0.544,318,0.321,0.526,0.54,18.1,11.2,18.8,3.2,15.1,1.0,1.01,1.87,10.3,108.6,104.6
645,Dean Wade,Cle,F-C,25.36,51,19.2,40.0,11.1,6.5,30,0.667,75,0.64,142,0.359,0.574,0.584,5.3,2.9,8.4,1.0,7.4,0.57,0.14,0.31,5.2,122.0,103.1
646,Franz Wagner,Orl,F,20.6,77,31.5,65.5,21.2,10.0,219,0.863,704,0.51,269,0.357,0.517,0.559,15.5,4.6,7.8,3.0,15.6,0.88,0.44,1.55,7.6,110.7,109.9
647,Moritz Wagner,Orl,F-C,24.93,58,14.2,29.7,23.5,10.7,117,0.812,172,0.657,177,0.322,0.569,0.614,8.5,3.4,12.5,1.3,15.3,0.29,0.22,0.83,9.4,117.3,100.6
648,Ish Wainright,Pho,F,27.55,41,7.0,14.7,13.4,13.4,10,0.5,31,0.452,42,0.262,0.418,0.426,1.6,1.0,8.0,0.3,4.6,0.27,0.15,0.29,4.5,92.6,97.2
649,Lonnie Walker IV,San,G-F,23.3,66,23.0,47.9,23.6,8.1,138,0.775,393,0.483,330,0.315,0.479,0.51,12.1,2.5,5.7,2.2,13.3,0.59,0.27,1.05,7.0,102.8,111.6
650,Kemba Walker,Nyk,G,31.9,37,25.6,53.4,20.8,10.7,71,0.845,171,0.444,199,0.367,0.501,0.537,11.6,3.0,6.2,3.5,22.2,0.7,0.19,1.3,7.7,111.9,111.4
651,MJ Walker,Pho,G,24.01,2,4.2,8.8,20.6,0.0,0,0.0,2,0.0,2,0.0,0.0,0.0,0.0,0.5,6.4,0.5,13.1,1.0,0.0,0.0,0.0,17.6,86.6
652,Tyrone Wallace,Nor,G,27.81,6,12.5,26.0,13.9,8.3,5,0.2,12,0.417,8,0.25,0.4,0.383,2.8,1.3,5.9,0.2,1.8,0.5,0.17,0.33,2.9,74.7,105.9
653,Derrick Walton Jr.,Det,G,27.0,3,36.1,75.1,15.4,28.4,4,1.0,13,0.231,13,0.231,0.288,0.342,6.3,3.3,5.0,7.0,26.4,2.33,1.33,3.67,5.8,76.9,109.5
654,Brad Wanamaker,Ind,G,32.69,22,13.3,27.7,15.3,22.0,22,0.909,55,0.4,17,0.235,0.389,0.465,3.5,1.6,6.6,2.2,21.5,0.23,0.27,1.05,6.9,96.8,105.5
655,Brad Wanamaker,Was,G,32.69,1,27.1,56.5,10.4,0.0,3,1.0,5,0.4,0,0.0,0.4,0.554,7.0,4.0,8.1,7.0,34.0,2.0,0.0,0.0,8.6,147.5,102.2
656,Duane Washington Jr.,Ind,G,22.02,43,20.0,41.7,22.6,11.5,51,0.745,189,0.429,189,0.365,0.488,0.508,9.5,1.7,4.6,1.9,13.8,0.49,0.05,1.21,6.3,99.0,113.8
657,P.J. Washington,Cha,F,23.61,60,27.0,56.3,15.8,12.4,74,0.716,205,0.595,290,0.366,0.568,0.583,10.3,5.3,10.3,2.3,11.3,0.87,0.92,1.25,7.4,114.1,107.7
658,Yuta Watanabe,Tor,G-F,27.47,36,11.7,24.4,16.9,11.4,37,0.568,56,0.482,75,0.36,0.515,0.53,4.3,2.4,10.9,0.5,6.3,0.22,0.44,0.53,5.9,106.2,104.8
659,Lindy Waters III,Okc,F,24.68,21,18.5,38.6,16.5,6.7,1,1.0,21,0.667,117,0.359,0.558,0.56,7.4,2.8,7.7,0.9,7.5,0.71,0.33,0.48,5.7,107.9,107.3
660,Tremont Waters,Tor,G,24.22,2,20.9,43.5,16.4,25.0,0,0.0,3,0.333,9,0.222,0.333,0.333,4.0,2.0,5.2,3.5,21.8,2.0,0.0,2.0,5.8,73.7,107.1
661,Tremont Waters,Was,G,24.22,1,8.5,17.7,10.5,0.0,0,0.0,2,0.5,0,0.0,0.5,0.5,2.0,0.0,0.0,0.0,0.0,1.0,0.0,0.0,0.0,99.5,89.8
662,Trendon Watford,Por,F,21.39,48,18.1,37.7,17.5,12.5,94,0.755,229,0.581,38,0.237,0.549,0.59,7.6,4.1,12.5,1.7,14.5,0.54,0.58,0.92,8.3,119.0,104.9
663,Paul Watson,Okc,G,27.25,9,17.4,36.2,11.0,10.0,2,0.5,9,0.667,26,0.231,0.429,0.432,3.4,3.0,8.9,0.9,7.2,0.33,0.33,0.44,4.8,91.3,109.4
664,Quinndary Weatherspoon,Gol,G,25.55,9,7.5,15.7,16.2,11.9,5,1.0,16,0.688,4,0.25,0.625,0.676,3.3,1.6,11.2,0.4,8.9,0.11,0.11,0.33,6.8,125.3,87.0
665,Russell Westbrook,Lal,G,33.38,75,34.4,71.6,27.3,17.4,381,0.669,926,0.483,257,0.292,0.473,0.509,18.3,7.5,11.6,7.1,31.8,0.96,0.25,3.8,11.5,101.7,107.1
666,Coby White,Chi,G,22.12,57,27.4,57.1,19.9,9.1,85,0.859,277,0.505,327,0.382,0.542,0.568,12.8,3.0,6.2,2.9,15.3,0.46,0.19,1.12,7.0,112.1,109.5
667,Derrick White,San,G,27.75,49,30.3,63.2,20.6,12.0,160,0.869,312,0.519,258,0.314,0.497,0.551,14.4,3.5,6.1,5.6,25.1,1.0,0.86,1.78,8.7,113.9,109.3
668,Derrick White,Bos,G,27.75,21,27.5,57.3,18.6,10.7,56,0.875,100,0.49,93,0.258,0.44,0.503,10.4,3.3,6.4,3.7,19.0,0.67,0.71,1.24,7.3,108.7,102.6
669,Hassan Whiteside,Uta,C,32.8,60,18.1,37.7,16.8,12.2,149,0.624,302,0.649,0,0.0,0.649,0.66,8.1,7.6,23.1,0.4,3.0,0.37,1.5,0.85,6.4,131.5,93.6
670,Joe Wieskamp,San,G-F,22.61,24,6.7,13.9,14.7,3.6,9,0.556,12,0.5,38,0.342,0.51,0.519,2.3,0.4,2.9,0.3,5.6,0.13,0.13,0.08,3.9,109.8,113.2
671,Aaron Wiggins,Okc,G-F,23.24,48,24.1,50.3,15.0,12.4,77,0.74,187,0.567,131,0.313,0.527,0.557,8.2,3.5,7.5,1.3,8.2,0.63,0.21,1.04,5.5,108.5,109.0
672,Andrew Wiggins,Gol,F,27.1,69,31.9,66.4,23.2,9.0,221,0.638,592,0.512,376,0.386,0.538,0.555,17.1,4.5,7.7,2.2,10.9,1.07,0.71,1.52,6.9,108.7,105.4
673,Lindell Wigginton,Mil,G,24.01,16,7.9,16.5,17.5,15.4,20,0.55,18,0.5,17,0.412,0.557,0.571,3.1,1.1,7.1,0.6,9.7,0.25,0.06,0.5,6.4,105.2,107.3
674,Robert Williams III,Bos,C-F,24.46,61,29.6,61.6,11.5,13.4,90,0.722,367,0.738,1,0.0,0.736,0.745,10.0,9.6,17.6,2.0,9.9,0.92,2.2,1.03,7.8,149.4,100.3
675,Brandon Williams,Por,G,22.36,19,26.7,55.7,26.9,14.8,83,0.687,143,0.448,90,0.289,0.442,0.488,13.8,3.2,6.5,3.7,22.2,1.05,0.42,2.47,8.2,97.4,112.2
676,Grant Williams,Bos,F,23.34,72,24.1,50.3,12.6,11.3,88,0.898,161,0.565,241,0.415,0.6,0.636,7.8,3.5,7.8,1.0,6.0,0.47,0.71,0.78,5.0,122.7,101.2
677,Kenrich Williams,Okc,G-F,27.33,49,21.9,45.6,15.6,11.9,55,0.545,196,0.536,121,0.339,0.525,0.532,7.4,4.5,10.5,2.2,15.4,0.9,0.2,0.94,7.6,111.7,107.4
678,Lou Williams,Atl,G,35.43,54,14.4,29.9,21.6,10.7,72,0.861,212,0.41,99,0.364,0.453,0.502,6.4,1.6,6.0,1.9,18.9,0.52,0.06,0.76,7.5,105.4,112.3
679,Patrick Williams,Chi,F,20.6,12,22.3,46.5,10.4,9.5,12,0.583,36,0.556,16,0.438,0.587,0.594,5.7,3.7,9.2,0.5,2.9,0.67,0.42,0.5,3.9,117.6,109.9
680,Ziaire Williams,Mem,F,20.55,57,21.2,44.1,14.3,9.0,40,0.75,155,0.652,210,0.305,0.54,0.554,7.4,2.0,5.0,1.0,6.2,0.56,0.19,0.67,4.6,111.2,106.6
681,D.J. Wilson,Tor,F,26.11,4,13.5,28.2,16.9,9.3,10,0.8,13,0.846,2,0.0,0.733,0.773,7.5,4.0,16.0,1.3,14.5,1.25,0.25,0.5,10.0,148.9,94.2
682,Dylan Windler,Cle,G-F,25.52,47,9.3,19.3,11.9,13.6,18,0.833,27,0.556,67,0.313,0.495,0.53,2.3,1.8,10.9,0.7,9.6,0.3,0.06,0.34,6.1,110.7,101.1
683,Justise Winslow,Lac,F-G,26.01,37,13.0,27.0,17.9,18.5,41,0.61,112,0.518,29,0.172,0.465,0.49,4.2,3.6,14.4,1.4,15.7,0.57,0.49,0.97,8.5,98.3,100.7
684,Justise Winslow,Por,F-G,26.01,11,26.8,55.9,20.3,8.6,25,0.56,79,0.468,37,0.27,0.448,0.465,10.7,6.3,12.8,2.9,16.7,1.27,0.64,1.09,8.7,103.9,110.8
685,Cassius Winston,Was,G,24.09,5,5.4,11.3,12.9,12.7,2,1.0,1,1.0,5,0.4,0.667,0.727,2.0,0.0,0.0,1.0,25.4,0.0,0.0,0.2,0.0,143.2,94.6
686,Robert Woodard II,Sac,F,22.52,12,3.5,7.3,18.1,5.6,2,1.0,12,0.083,4,0.25,0.156,0.207,0.6,0.9,14.1,0.3,9.0,0.08,0.08,0.08,6.2,,
687,Christian Wood,Hou,F,26.51,68,30.8,64.1,23.3,11.0,332,0.623,542,0.57,336,0.39,0.576,0.595,17.9,10.1,18.0,2.3,12.3,0.78,0.97,1.85,9.7,114.0,107.6
688,McKinley Wright IV,Min,G,23.43,3,2.9,6.0,19.4,25.0,0,0.0,1,1.0,2,0.5,0.833,0.833,1.7,0.0,0.0,0.3,18.6,0.0,0.0,0.33,0.0,,
689,Delon Wright,Atl,G,29.93,72,18.7,39.0,10.5,13.9,57,0.86,149,0.51,105,0.39,0.541,0.58,4.5,2.8,8.3,2.5,16.9,1.15,0.25,0.63,6.8,125.5,112.4
690,Moses Wright,Lac,F,23.27,1,1.5,3.1,0.0,,0,0.0,0,0.0,0,0.0,,,0.0,0.0,0.0,1.0,81.1,0.0,0.0,0.0,0.0,,
691,Thaddeus Young,San,F,33.78,26,14.2,29.7,19.1,17.9,22,0.455,123,0.602,5,0.0,0.578,0.574,6.1,3.6,13.2,2.3,22.8,0.88,0.27,1.15,10.4,113.7,103.7
692,Thaddeus Young,Tor,F,33.78,20,17.7,37.0,16.7,13.0,17,0.412,82,0.488,31,0.452,0.54,0.535,6.5,4.2,12.8,1.6,12.7,1.05,0.5,0.9,8.0,111.0,102.6
693,Trae Young,Atl,G,23.53,71,34.8,72.5,34.4,14.5,511,0.904,870,0.511,567,0.381,0.535,0.602,28.2,3.7,5.9,9.6,46.4,1.01,0.1,3.97,11.5,119.1,114.4
694,Omer Yurtseven,Mia,C,23.78,52,12.3,25.7,20.2,13.4,57,0.632,219,0.553,8,0.125,0.54,0.557,5.4,5.3,24.2,0.9,11.8,0.29,0.37,0.75,9.6,114.0,93.7
695,Cody Zeller,Por,F-C,29.49,27,13.1,27.4,15.9,14.6,49,0.776,86,0.593,4,0.0,0.567,0.627,5.2,4.6,19.3,0.8,9.3,0.3,0.22,0.7,8.2,128.5,101.3
696,Ivica Zubac,Lac,C,25.04,71,24.4,50.8,16.7,16.6,214,0.738,452,0.619,0,0.0,0.619,0.657,10.1,8.3,17.9,1.5,9.6,0.51,1.0,1.54,8.2,126.1,100.1
697,Moses Wright,Dal,F,23.27,2,2.7,5.6,37.0,0.0,1,1.0,3,0.333,1,0.0,0.25,0.338,1.5,0.5,10.2,0.0,0.0,0.0,0.0,0.0,0.0,,
698,Jeff Dowtin,Orl,G,24.89,4,19.3,40.3,13.4,16.8,2,1.0,12,0.333,7,0.143,0.289,0.327,3.3,2.8,7.5,1.8,12.4,1.25,0.0,1.0,5.3,85.1,112.6
699,Larry Nance Jr.,Nor,F-C,29.25,3,19.5,40.6,12.4,5.9,2,1.0,13,0.615,2,0.5,0.633,0.661,7.0,5.0,14.1,0.3,2.5,0.0,1.67,0.33,4.5,132.3,108.5
700,Braxton Key,Det,F,25.13,4,18.0,37.4,19.6,12.2,2,0.5,20,0.35,8,0.375,0.411,0.416,6.0,4.3,12.8,0.3,2.1,0.75,1.5,1.0,4.4,83.0,100.6
701,Greg Monroe,Uta,F-C,31.83,2,10.8,22.4,12.4,0.0,7,0.571,3,0.667,0,0.0,0.667,0.658,4.0,3.0,15.3,1.5,18.6,0.0,0.5,0.0,9.7,169.0,91.9
702,Didi Louzada,Por,G,20.0,1,11.5,24.0,22.5,0.0,0,0.0,1,1.0,5,0.2,0.417,0.417,5.0,2.0,9.5,0.0,0.0,0.0,1.0,0.0,0.0,103.7,116.5
